File_Name,Avg_Entropy,Avg_Wordsize,Avg_Length,Avg_Num_Equals,Avg_Num_Dashes,Avg_Num_Slashes,Avg_Num_Pluses,Avg_Sum_RepChars,No_of_Strings
ADRD1.apk,0.238,44.0,7.0,0.5,0.0,0.0,0.0,0.0,1
ADRD10.apk,0.0,37.0,0.0,0.0,0.0,0.0,0.0,0.0,0
ADRD11.apk,0.238,44.0,7.0,0.5,0.0,0.0,0.0,0.0,1
ADRD12.apk,0.238,44.0,7.0,0.5,0.0,0.0,0.0,0.0,1
ADRD13.apk,0.0,37.0,0.0,0.0,0.0,0.0,0.0,0.0,0
ADRD14.apk,0.0,37.0,0.0,0.0,0.0,0.0,0.0,0.0,0
ADRD15.apk,0.238,44.0,7.0,0.5,0.0,0.0,0.0,0.0,1
ADRD16.apk,0.0,37.0,0.0,0.0,0.0,0.0,0.0,0.0,0
ADRD17.apk,0.238,44.0,7.0,0.5,0.0,0.0,0.0,0.0,1
ADRD18.apk,0.0,37.0,0.0,0.0,0.0,0.0,0.0,0.0,0
ADRD19.apk,0.0,37.0,0.0,0.0,0.0,0.0,0.0,0.0,0
ADRD2.apk,0.238,44.0,7.0,0.5,0.0,0.0,0.0,0.0,1
ADRD20.apk,0.0,37.0,0.0,0.0,0.0,0.0,0.0,0.0,0
ADRD21.apk,0.238,44.0,7.0,0.5,0.0,0.0,0.0,0.0,1
ADRD22.apk,0.0,37.0,0.0,0.0,0.0,0.0,0.0,0.0,0
ADRD3.apk,0.238,44.0,7.0,0.5,0.0,0.0,0.0,0.0,1
ADRD4.apk,0.0,37.0,0.0,0.0,0.0,0.0,0.0,0.0,0
ADRD5.apk,0.0,37.0,0.0,0.0,0.0,0.0,0.0,0.0,0
ADRD6.apk,0.238,44.0,7.0,0.5,0.0,0.0,0.0,0.0,1
ADRD7.apk,0.0,37.0,0.0,0.0,0.0,0.0,0.0,0.0,0
ADRD8.apk,0.0,37.0,0.0,0.0,0.0,0.0,0.0,0.0,0
ADRD9.apk,0.0,37.0,0.0,0.0,0.0,0.0,0.0,0.0,0
AnserverBot1.apk,0.0,37.0,0.0,0.0,0.0,0.0,0.0,0.0,0
AnserverBot10.apk,0.0,37.0,0.0,0.0,0.0,0.0,0.0,0.0,0
AnserverBot100.apk,0.0,37.0,0.0,0.0,0.0,0.0,0.0,0.0,0
AnserverBot101.apk,0.0,37.0,0.0,0.0,0.0,0.0,0.0,0.0,0
AnserverBot102.apk,0.0,37.0,0.0,0.0,0.0,0.0,0.0,0.0,0
AnserverBot103.apk,0.0,37.0,0.0,0.0,0.0,0.0,0.0,0.0,0
AnserverBot104.apk,0.0,37.0,0.0,0.0,0.0,0.0,0.0,0.0,0
AnserverBot105.apk,0.0,37.0,0.0,0.0,0.0,0.0,0.0,0.0,0
AnserverBot106.apk,0.0,37.0,0.0,0.0,0.0,0.0,0.0,0.0,0
AnserverBot107.apk,0.0,37.0,0.0,0.0,0.0,0.0,0.0,0.0,0
AnserverBot108.apk,0.0,37.0,0.0,0.0,0.0,0.0,0.0,0.0,0
AnserverBot109.apk,0.0,37.0,0.0,0.0,0.0,0.0,0.0,0.0,0
AnserverBot11.apk,0.0,37.0,0.0,0.0,0.0,0.0,0.0,0.0,0
AnserverBot110.apk,0.0,37.0,0.0,0.0,0.0,0.0,0.0,0.0,0
AnserverBot111.apk,0.0,37.0,0.0,0.0,0.0,0.0,0.0,0.0,0
AnserverBot112.apk,0.0,37.0,0.0,0.0,0.0,0.0,0.0,0.0,0
AnserverBot113.apk,0.0,37.0,0.0,0.0,0.0,0.0,0.0,0.0,0
AnserverBot114.apk,0.0,37.0,0.0,0.0,0.0,0.0,0.0,0.0,0
AnserverBot115.apk,0.0,37.0,0.0,0.0,0.0,0.0,0.0,0.0,0
AnserverBot116.apk,0.0,37.0,0.0,0.0,0.0,0.0,0.0,0.0,0
AnserverBot117.apk,0.0,37.0,0.0,0.0,0.0,0.0,0.0,0.0,0
AnserverBot118.apk,0.0,37.0,0.0,0.0,0.0,0.0,0.0,0.0,0
AnserverBot119.apk,0.0,37.0,0.0,0.0,0.0,0.0,0.0,0.0,0
AnserverBot12.apk,0.0,37.0,0.0,0.0,0.0,0.0,0.0,0.0,0
AnserverBot120.apk,0.0,37.0,0.0,0.0,0.0,0.0,0.0,0.0,0
AnserverBot121.apk,0.0,37.0,0.0,0.0,0.0,0.0,0.0,0.0,0
AnserverBot122.apk,0.0,37.0,0.0,0.0,0.0,0.0,0.0,0.0,0
AnserverBot123.apk,0.0,37.0,0.0,0.0,0.0,0.0,0.0,0.0,0
AnserverBot124.apk,0.0,37.0,0.0,0.0,0.0,0.0,0.0,0.0,0
AnserverBot125.apk,0.0,37.0,0.0,0.0,0.0,0.0,0.0,0.0,0
AnserverBot126.apk,0.0,37.0,0.0,0.0,0.0,0.0,0.0,0.0,0
AnserverBot127.apk,0.0,37.0,0.0,0.0,0.0,0.0,0.0,0.0,0
AnserverBot128.apk,0.0,37.0,0.0,0.0,0.0,0.0,0.0,0.0,0
AnserverBot129.apk,0.0,37.0,0.0,0.0,0.0,0.0,0.0,0.0,0
AnserverBot13.apk,0.0,37.0,0.0,0.0,0.0,0.0,0.0,0.0,0
AnserverBot130.apk,0.0,37.0,0.0,0.0,0.0,0.0,0.0,0.0,0
AnserverBot131.apk,0.0,37.0,0.0,0.0,0.0,0.0,0.0,0.0,0
AnserverBot132.apk,0.0,37.0,0.0,0.0,0.0,0.0,0.0,0.0,0
AnserverBot133.apk,0.0,37.0,0.0,0.0,0.0,0.0,0.0,0.0,0
AnserverBot134.apk,0.0,37.0,0.0,0.0,0.0,0.0,0.0,0.0,0
AnserverBot135.apk,0.0,37.0,0.0,0.0,0.0,0.0,0.0,0.0,0
AnserverBot136.apk,0.0,37.0,0.0,0.0,0.0,0.0,0.0,0.0,0
AnserverBot137.apk,0.0,37.0,0.0,0.0,0.0,0.0,0.0,0.0,0
AnserverBot138.apk,0.0,37.0,0.0,0.0,0.0,0.0,0.0,0.0,0
AnserverBot139.apk,0.0,37.0,0.0,0.0,0.0,0.0,0.0,0.0,0
AnserverBot14.apk,0.0,37.0,0.0,0.0,0.0,0.0,0.0,0.0,0
AnserverBot140.apk,0.0,37.0,0.0,0.0,0.0,0.0,0.0,0.0,0
AnserverBot141.apk,0.0,37.0,0.0,0.0,0.0,0.0,0.0,0.0,0
AnserverBot142.apk,0.0,37.0,0.0,0.0,0.0,0.0,0.0,0.0,0
AnserverBot143.apk,0.0,37.0,0.0,0.0,0.0,0.0,0.0,0.0,0
AnserverBot144.apk,0.0,37.0,0.0,0.0,0.0,0.0,0.0,0.0,0
AnserverBot145.apk,0.0,37.0,0.0,0.0,0.0,0.0,0.0,0.0,0
AnserverBot146.apk,0.0,37.0,0.0,0.0,0.0,0.0,0.0,0.0,0
AnserverBot147.apk,0.0,37.0,0.0,0.0,0.0,0.0,0.0,0.0,0
AnserverBot148.apk,0.0,37.0,0.0,0.0,0.0,0.0,0.0,0.0,0
AnserverBot149.apk,0.0,37.0,0.0,0.0,0.0,0.0,0.0,0.0,0
AnserverBot15.apk,0.0,37.0,0.0,0.0,0.0,0.0,0.0,0.0,0
AnserverBot150.apk,0.0,37.0,0.0,0.0,0.0,0.0,0.0,0.0,0
AnserverBot151.apk,0.0,37.0,0.0,0.0,0.0,0.0,0.0,0.0,0
AnserverBot152.apk,0.0,37.0,0.0,0.0,0.0,0.0,0.0,0.0,0
AnserverBot153.apk,0.0,37.0,0.0,0.0,0.0,0.0,0.0,0.0,0
AnserverBot154.apk,0.0,37.0,0.0,0.0,0.0,0.0,0.0,0.0,0
AnserverBot155.apk,0.0,37.0,0.0,0.0,0.0,0.0,0.0,0.0,0
AnserverBot156.apk,0.0,37.0,0.0,0.0,0.0,0.0,0.0,0.0,0
AnserverBot157.apk,0.3485,67.8066,30.8066,0.0246,0.1543,0.0968,0.0079,24.2783,15456
AnserverBot158.apk,0.0,37.0,0.0,0.0,0.0,0.0,0.0,0.0,0
AnserverBot159.apk,0.0,37.0,0.0,0.0,0.0,0.0,0.0,0.0,0
AnserverBot16.apk,0.0,37.0,0.0,0.0,0.0,0.0,0.0,0.0,0
AnserverBot160.apk,0.0,37.0,0.0,0.0,0.0,0.0,0.0,0.0,0
AnserverBot161.apk,0.0,37.0,0.0,0.0,0.0,0.0,0.0,0.0,0
AnserverBot162.apk,0.0,37.0,0.0,0.0,0.0,0.0,0.0,0.0,0
AnserverBot163.apk,0.0,37.0,0.0,0.0,0.0,0.0,0.0,0.0,0
AnserverBot164.apk,0.0,37.0,0.0,0.0,0.0,0.0,0.0,0.0,0
AnserverBot165.apk,0.0,37.0,0.0,0.0,0.0,0.0,0.0,0.0,0
AnserverBot166.apk,0.0,37.0,0.0,0.0,0.0,0.0,0.0,0.0,0
AnserverBot167.apk,0.0,37.0,0.0,0.0,0.0,0.0,0.0,0.0,0
AnserverBot168.apk,0.0,37.0,0.0,0.0,0.0,0.0,0.0,0.0,0
AnserverBot169.apk,0.0,37.0,0.0,0.0,0.0,0.0,0.0,0.0,0
AnserverBot17.apk,0.0,37.0,0.0,0.0,0.0,0.0,0.0,0.0,0
AnserverBot170.apk,0.0,37.0,0.0,0.0,0.0,0.0,0.0,0.0,0
AnserverBot171.apk,0.0,37.0,0.0,0.0,0.0,0.0,0.0,0.0,0
AnserverBot172.apk,0.0,37.0,0.0,0.0,0.0,0.0,0.0,0.0,0
AnserverBot173.apk,0.0,37.0,0.0,0.0,0.0,0.0,0.0,0.0,0
AnserverBot174.apk,0.0,37.0,0.0,0.0,0.0,0.0,0.0,0.0,0
AnserverBot175.apk,0.0,37.0,0.0,0.0,0.0,0.0,0.0,0.0,0
AnserverBot176.apk,0.0,37.0,0.0,0.0,0.0,0.0,0.0,0.0,0
AnserverBot177.apk,0.0,37.0,0.0,0.0,0.0,0.0,0.0,0.0,0
AnserverBot178.apk,0.0,37.0,0.0,0.0,0.0,0.0,0.0,0.0,0
AnserverBot179.apk,0.0,37.0,0.0,0.0,0.0,0.0,0.0,0.0,0
AnserverBot18.apk,0.0,37.0,0.0,0.0,0.0,0.0,0.0,0.0,0
AnserverBot180.apk,0.0,37.0,0.0,0.0,0.0,0.0,0.0,0.0,0
AnserverBot181.apk,0.0,37.0,0.0,0.0,0.0,0.0,0.0,0.0,0
AnserverBot182.apk,0.0,37.0,0.0,0.0,0.0,0.0,0.0,0.0,0
AnserverBot183.apk,0.0,37.0,0.0,0.0,0.0,0.0,0.0,0.0,0
AnserverBot184.apk,0.0,37.0,0.0,0.0,0.0,0.0,0.0,0.0,0
AnserverBot185.apk,0.0,37.0,0.0,0.0,0.0,0.0,0.0,0.0,0
AnserverBot186.apk,0.0,37.0,0.0,0.0,0.0,0.0,0.0,0.0,0
AnserverBot187.apk,0.0,37.0,0.0,0.0,0.0,0.0,0.0,0.0,0
AnserverBot19.apk,0.0,37.0,0.0,0.0,0.0,0.0,0.0,0.0,0
AnserverBot2.apk,0.3984,52.3158,15.3158,0.0,0.0,0.0,0.0,5.6842,56
AnserverBot20.apk,0.0,37.0,0.0,0.0,0.0,0.0,0.0,0.0,0
AnserverBot21.apk,0.0,37.0,0.0,0.0,0.0,0.0,0.0,0.0,0
AnserverBot22.apk,0.1884,42.25,5.25,0.0,0.0,0.0,0.0,2.75,3
AnserverBot23.apk,0.0,37.0,0.0,0.0,0.0,0.0,0.0,0.0,0
AnserverBot24.apk,0.0,37.0,0.0,0.0,0.0,0.0,0.0,0.0,0
AnserverBot25.apk,0.0,37.0,0.0,0.0,0.0,0.0,0.0,0.0,0
AnserverBot26.apk,0.0,37.0,0.0,0.0,0.0,0.0,0.0,0.0,0
AnserverBot27.apk,0.0,37.0,0.0,0.0,0.0,0.0,0.0,0.0,0
AnserverBot28.apk,0.0,37.0,0.0,0.0,0.0,0.0,0.0,0.0,0
AnserverBot29.apk,0.0,37.0,0.0,0.0,0.0,0.0,0.0,0.0,0
AnserverBot3.apk,0.0,37.0,0.0,0.0,0.0,0.0,0.0,0.0,0
AnserverBot30.apk,0.0,37.0,0.0,0.0,0.0,0.0,0.0,0.0,0
AnserverBot31.apk,0.0,37.0,0.0,0.0,0.0,0.0,0.0,0.0,0
AnserverBot32.apk,0.0,37.0,0.0,0.0,0.0,0.0,0.0,0.0,0
AnserverBot33.apk,0.0,37.0,0.0,0.0,0.0,0.0,0.0,0.0,0
AnserverBot34.apk,0.0,37.0,0.0,0.0,0.0,0.0,0.0,0.0,0
AnserverBot35.apk,0.0,37.0,0.0,0.0,0.0,0.0,0.0,0.0,0
AnserverBot36.apk,0.0,37.0,0.0,0.0,0.0,0.0,0.0,0.0,0
AnserverBot37.apk,0.0,37.0,0.0,0.0,0.0,0.0,0.0,0.0,0
AnserverBot38.apk,0.0,37.0,0.0,0.0,0.0,0.0,0.0,0.0,0
AnserverBot39.apk,0.0,37.0,0.0,0.0,0.0,0.0,0.0,0.0,0
AnserverBot4.apk,0.0,37.0,0.0,0.0,0.0,0.0,0.0,0.0,0
AnserverBot40.apk,0.0,37.0,0.0,0.0,0.0,0.0,0.0,0.0,0
AnserverBot41.apk,0.0,37.0,0.0,0.0,0.0,0.0,0.0,0.0,0
AnserverBot42.apk,0.0,37.0,0.0,0.0,0.0,0.0,0.0,0.0,0
AnserverBot43.apk,0.0,37.0,0.0,0.0,0.0,0.0,0.0,0.0,0
AnserverBot44.apk,0.0,37.0,0.0,0.0,0.0,0.0,0.0,0.0,0
AnserverBot45.apk,0.0,37.0,0.0,0.0,0.0,0.0,0.0,0.0,0
AnserverBot46.apk,0.0,37.0,0.0,0.0,0.0,0.0,0.0,0.0,0
AnserverBot47.apk,0.0,37.0,0.0,0.0,0.0,0.0,0.0,0.0,0
AnserverBot48.apk,0.0,37.0,0.0,0.0,0.0,0.0,0.0,0.0,0
AnserverBot49.apk,0.0,37.0,0.0,0.0,0.0,0.0,0.0,0.0,0
AnserverBot5.apk,0.0,37.0,0.0,0.0,0.0,0.0,0.0,0.0,0
AnserverBot50.apk,0.0,37.0,0.0,0.0,0.0,0.0,0.0,0.0,0
AnserverBot51.apk,0.0,37.0,0.0,0.0,0.0,0.0,0.0,0.0,0
AnserverBot52.apk,0.0,37.0,0.0,0.0,0.0,0.0,0.0,0.0,0
AnserverBot53.apk,0.0,37.0,0.0,0.0,0.0,0.0,0.0,0.0,0
AnserverBot54.apk,0.0,37.0,0.0,0.0,0.0,0.0,0.0,0.0,0
AnserverBot55.apk,0.0,37.0,0.0,0.0,0.0,0.0,0.0,0.0,0
AnserverBot56.apk,0.0,37.0,0.0,0.0,0.0,0.0,0.0,0.0,0
AnserverBot57.apk,0.0,37.0,0.0,0.0,0.0,0.0,0.0,0.0,0
AnserverBot58.apk,0.0,37.0,0.0,0.0,0.0,0.0,0.0,0.0,0
AnserverBot59.apk,0.0,37.0,0.0,0.0,0.0,0.0,0.0,0.0,0
AnserverBot6.apk,0.0,37.0,0.0,0.0,0.0,0.0,0.0,0.0,0
AnserverBot60.apk,0.0,37.0,0.0,0.0,0.0,0.0,0.0,0.0,0
AnserverBot61.apk,0.0,37.0,0.0,0.0,0.0,0.0,0.0,0.0,0
AnserverBot62.apk,0.0,37.0,0.0,0.0,0.0,0.0,0.0,0.0,0
AnserverBot63.apk,0.0,37.0,0.0,0.0,0.0,0.0,0.0,0.0,0
AnserverBot64.apk,0.0,37.0,0.0,0.0,0.0,0.0,0.0,0.0,0
AnserverBot65.apk,0.0,37.0,0.0,0.0,0.0,0.0,0.0,0.0,0
AnserverBot66.apk,0.0,37.0,0.0,0.0,0.0,0.0,0.0,0.0,0
AnserverBot67.apk,0.0,37.0,0.0,0.0,0.0,0.0,0.0,0.0,0
AnserverBot68.apk,0.0,37.0,0.0,0.0,0.0,0.0,0.0,0.0,0
AnserverBot69.apk,0.0,37.0,0.0,0.0,0.0,0.0,0.0,0.0,0
AnserverBot7.apk,0.0,37.0,0.0,0.0,0.0,0.0,0.0,0.0,0
AnserverBot70.apk,0.0,37.0,0.0,0.0,0.0,0.0,0.0,0.0,0
AnserverBot71.apk,0.0,37.0,0.0,0.0,0.0,0.0,0.0,0.0,0
AnserverBot72.apk,0.0,37.0,0.0,0.0,0.0,0.0,0.0,0.0,0
AnserverBot73.apk,0.0,37.0,0.0,0.0,0.0,0.0,0.0,0.0,0
AnserverBot74.apk,0.0,37.0,0.0,0.0,0.0,0.0,0.0,0.0,0
AnserverBot75.apk,0.0,37.0,0.0,0.0,0.0,0.0,0.0,0.0,0
AnserverBot76.apk,0.0,37.0,0.0,0.0,0.0,0.0,0.0,0.0,0
AnserverBot77.apk,0.0,37.0,0.0,0.0,0.0,0.0,0.0,0.0,0
AnserverBot78.apk,0.0,37.0,0.0,0.0,0.0,0.0,0.0,0.0,0
AnserverBot79.apk,0.0,37.0,0.0,0.0,0.0,0.0,0.0,0.0,0
AnserverBot8.apk,0.0,37.0,0.0,0.0,0.0,0.0,0.0,0.0,0
AnserverBot81.apk,0.0,37.0,0.0,0.0,0.0,0.0,0.0,0.0,0
AnserverBot82.apk,0.0,37.0,0.0,0.0,0.0,0.0,0.0,0.0,0
AnserverBot83.apk,0.0,37.0,0.0,0.0,0.0,0.0,0.0,0.0,0
AnserverBot84.apk,0.0,37.0,0.0,0.0,0.0,0.0,0.0,0.0,0
AnserverBot85.apk,0.0,37.0,0.0,0.0,0.0,0.0,0.0,0.0,0
AnserverBot86.apk,0.0,37.0,0.0,0.0,0.0,0.0,0.0,0.0,0
AnserverBot87.apk,0.0,37.0,0.0,0.0,0.0,0.0,0.0,0.0,0
AnserverBot88.apk,0.0,37.0,0.0,0.0,0.0,0.0,0.0,0.0,0
AnserverBot89.apk,0.0,37.0,0.0,0.0,0.0,0.0,0.0,0.0,0
AnserverBot9.apk,0.0,37.0,0.0,0.0,0.0,0.0,0.0,0.0,0
AnserverBot90.apk,0.0,37.0,0.0,0.0,0.0,0.0,0.0,0.0,0
AnserverBot91.apk,0.0,37.0,0.0,0.0,0.0,0.0,0.0,0.0,0
AnserverBot92.apk,0.0,37.0,0.0,0.0,0.0,0.0,0.0,0.0,0
AnserverBot93.apk,0.0,37.0,0.0,0.0,0.0,0.0,0.0,0.0,0
AnserverBot94.apk,0.0,37.0,0.0,0.0,0.0,0.0,0.0,0.0,0
AnserverBot95.apk,0.0,37.0,0.0,0.0,0.0,0.0,0.0,0.0,0
AnserverBot96.apk,0.0,37.0,0.0,0.0,0.0,0.0,0.0,0.0,0
AnserverBot97.apk,0.0,37.0,0.0,0.0,0.0,0.0,0.0,0.0,0
AnserverBot98.apk,0.0,37.0,0.0,0.0,0.0,0.0,0.0,0.0,0
AnserverBot99.apk,0.0,37.0,0.0,0.0,0.0,0.0,0.0,0.0,0
Asroot2.apk,0.0,37.0,0.0,0.0,0.0,0.0,0.0,0.0,0
Asroot3.apk,0.0,37.0,0.0,0.0,0.0,0.0,0.0,0.0,0
Asroot4.apk,0.0,37.0,0.0,0.0,0.0,0.0,0.0,0.0,0
Asroot6.apk,0.0,37.0,0.0,0.0,0.0,0.0,0.0,0.0,0
Asroot7.apk,0.0,37.0,0.0,0.0,0.0,0.0,0.0,0.0,0
Asroot8.apk,0.0,37.0,0.0,0.0,0.0,0.0,0.0,0.0,0
BaseBridge1.apk,0.0,37.0,0.0,0.0,0.0,0.0,0.0,0.0,0
BaseBridge10.apk,0.0,37.0,0.0,0.0,0.0,0.0,0.0,0.0,0
BaseBridge100.apk,0.0,37.0,0.0,0.0,0.0,0.0,0.0,0.0,0
BaseBridge101.apk,0.4441,79.2,42.2,0.0,0.0,0.0,0.0,31.2667,29
BaseBridge102.apk,0.0,37.0,0.0,0.0,0.0,0.0,0.0,0.0,0
BaseBridge103.apk,0.0,37.0,0.0,0.0,0.0,0.0,0.0,0.0,0
BaseBridge104.apk,0.0,37.0,0.0,0.0,0.0,0.0,0.0,0.0,0
BaseBridge105.apk,0.0,37.0,0.0,0.0,0.0,0.0,0.0,0.0,0
BaseBridge106.apk,0.0,37.0,0.0,0.0,0.0,0.0,0.0,0.0,0
BaseBridge107.apk,0.0,37.0,0.0,0.0,0.0,0.0,0.0,0.0,0
BaseBridge109.apk,0.0,37.0,0.0,0.0,0.0,0.0,0.0,0.0,0
BaseBridge11.apk,0.0,37.0,0.0,0.0,0.0,0.0,0.0,0.0,0
BaseBridge110.apk,0.0,37.0,0.0,0.0,0.0,0.0,0.0,0.0,0
BaseBridge111.apk,0.0,37.0,0.0,0.0,0.0,0.0,0.0,0.0,0
BaseBridge112.apk,0.0,37.0,0.0,0.0,0.0,0.0,0.0,0.0,0
BaseBridge113.apk,0.0,37.0,0.0,0.0,0.0,0.0,0.0,0.0,0
BaseBridge114.apk,0.0,37.0,0.0,0.0,0.0,0.0,0.0,0.0,0
BaseBridge115.apk,0.0,37.0,0.0,0.0,0.0,0.0,0.0,0.0,0
BaseBridge116.apk,0.0,37.0,0.0,0.0,0.0,0.0,0.0,0.0,0
BaseBridge117.apk,0.0,37.0,0.0,0.0,0.0,0.0,0.0,0.0,0
BaseBridge118.apk,0.0,37.0,0.0,0.0,0.0,0.0,0.0,0.0,0
BaseBridge119.apk,0.0,37.0,0.0,0.0,0.0,0.0,0.0,0.0,0
BaseBridge12.apk,0.2656,49.0,12.0,0.2,0.6,0.4,0.0,7.0,4
BaseBridge120.apk,0.0,37.0,0.0,0.0,0.0,0.0,0.0,0.0,0
BaseBridge121.apk,0.0,37.0,0.0,0.0,0.0,0.0,0.0,0.0,0
BaseBridge122.apk,0.0,37.0,0.0,0.0,0.0,0.0,0.0,0.0,0
BaseBridge13.apk,0.0,37.0,0.0,0.0,0.0,0.0,0.0,0.0,0
BaseBridge14.apk,0.0,37.0,0.0,0.0,0.0,0.0,0.0,0.0,0
BaseBridge15.apk,0.0,37.0,0.0,0.0,0.0,0.0,0.0,0.0,0
BaseBridge16.apk,0.0,37.0,0.0,0.0,0.0,0.0,0.0,0.0,0
BaseBridge17.apk,0.0,37.0,0.0,0.0,0.0,0.0,0.0,0.0,0
BaseBridge18.apk,0.0,37.0,0.0,0.0,0.0,0.0,0.0,0.0,0
BaseBridge19.apk,0.0,37.0,0.0,0.0,0.0,0.0,0.0,0.0,0
BaseBridge2.apk,0.0,37.0,0.0,0.0,0.0,0.0,0.0,0.0,0
BaseBridge20.apk,0.0,37.0,0.0,0.0,0.0,0.0,0.0,0.0,0
BaseBridge21.apk,0.0,37.0,0.0,0.0,0.0,0.0,0.0,0.0,0
BaseBridge22.apk,0.0,37.0,0.0,0.0,0.0,0.0,0.0,0.0,0
BaseBridge23.apk,0.0,37.0,0.0,0.0,0.0,0.0,0.0,0.0,0
BaseBridge25.apk,0.0,37.0,0.0,0.0,0.0,0.0,0.0,0.0,0
BaseBridge26.apk,0.0,37.0,0.0,0.0,0.0,0.0,0.0,0.0,0
BaseBridge27.apk,0.0,37.0,0.0,0.0,0.0,0.0,0.0,0.0,0
BaseBridge28.apk,0.0,37.0,0.0,0.0,0.0,0.0,0.0,0.0,0
BaseBridge29.apk,0.0,37.0,0.0,0.0,0.0,0.0,0.0,0.0,0
BaseBridge3.apk,0.0,37.0,0.0,0.0,0.0,0.0,0.0,0.0,0
BaseBridge30.apk,0.0,37.0,0.0,0.0,0.0,0.0,0.0,0.0,0
BaseBridge31.apk,0.0,37.0,0.0,0.0,0.0,0.0,0.0,0.0,0
BaseBridge32.apk,0.0,37.0,0.0,0.0,0.0,0.0,0.0,0.0,0
BaseBridge33.apk,0.0,37.0,0.0,0.0,0.0,0.0,0.0,0.0,0
BaseBridge34.apk,0.0,37.0,0.0,0.0,0.0,0.0,0.0,0.0,0
BaseBridge35.apk,0.0,37.0,0.0,0.0,0.0,0.0,0.0,0.0,0
BaseBridge36.apk,0.0,37.0,0.0,0.0,0.0,0.0,0.0,0.0,0
BaseBridge38.apk,0.0,37.0,0.0,0.0,0.0,0.0,0.0,0.0,0
BaseBridge39.apk,0.0,37.0,0.0,0.0,0.0,0.0,0.0,0.0,0
BaseBridge4.apk,0.0,37.0,0.0,0.0,0.0,0.0,0.0,0.0,0
BaseBridge40.apk,0.0,37.0,0.0,0.0,0.0,0.0,0.0,0.0,0
BaseBridge41.apk,0.0,37.0,0.0,0.0,0.0,0.0,0.0,0.0,0
BaseBridge42.apk,0.0,37.0,0.0,0.0,0.0,0.0,0.0,0.0,0
BaseBridge43.apk,0.0,37.0,0.0,0.0,0.0,0.0,0.0,0.0,0
BaseBridge44.apk,0.0,37.0,0.0,0.0,0.0,0.0,0.0,0.0,0
BaseBridge45.apk,0.0,37.0,0.0,0.0,0.0,0.0,0.0,0.0,0
BaseBridge47.apk,0.0,37.0,0.0,0.0,0.0,0.0,0.0,0.0,0
BaseBridge48.apk,0.0,37.0,0.0,0.0,0.0,0.0,0.0,0.0,0
BaseBridge49.apk,0.0,37.0,0.0,0.0,0.0,0.0,0.0,0.0,0
BaseBridge5.apk,0.0,37.0,0.0,0.0,0.0,0.0,0.0,0.0,0
BaseBridge50.apk,0.0,37.0,0.0,0.0,0.0,0.0,0.0,0.0,0
BaseBridge51.apk,0.0,37.0,0.0,0.0,0.0,0.0,0.0,0.0,0
BaseBridge52.apk,0.0,37.0,0.0,0.0,0.0,0.0,0.0,0.0,0
BaseBridge53.apk,0.0,37.0,0.0,0.0,0.0,0.0,0.0,0.0,0
BaseBridge54.apk,0.0,37.0,0.0,0.0,0.0,0.0,0.0,0.0,0
BaseBridge55.apk,0.0,37.0,0.0,0.0,0.0,0.0,0.0,0.0,0
BaseBridge56.apk,0.0,37.0,0.0,0.0,0.0,0.0,0.0,0.0,0
BaseBridge57.apk,0.0,37.0,0.0,0.0,0.0,0.0,0.0,0.0,0
BaseBridge58.apk,0.0,37.0,0.0,0.0,0.0,0.0,0.0,0.0,0
BaseBridge59.apk,0.0,37.0,0.0,0.0,0.0,0.0,0.0,0.0,0
BaseBridge6.apk,0.0,37.0,0.0,0.0,0.0,0.0,0.0,0.0,0
BaseBridge60.apk,0.2656,49.0,12.0,0.2,0.6,0.4,0.0,7.0,4
BaseBridge61.apk,0.0,37.0,0.0,0.0,0.0,0.0,0.0,0.0,0
BaseBridge62.apk,0.0,37.0,0.0,0.0,0.0,0.0,0.0,0.0,0
BaseBridge63.apk,0.0,37.0,0.0,0.0,0.0,0.0,0.0,0.0,0
BaseBridge64.apk,0.0,37.0,0.0,0.0,0.0,0.0,0.0,0.0,0
BaseBridge65.apk,0.0,37.0,0.0,0.0,0.0,0.0,0.0,0.0,0
BaseBridge66.apk,0.0,37.0,0.0,0.0,0.0,0.0,0.0,0.0,0
BaseBridge67.apk,0.0,37.0,0.0,0.0,0.0,0.0,0.0,0.0,0
BaseBridge68.apk,0.0,37.0,0.0,0.0,0.0,0.0,0.0,0.0,0
BaseBridge69.apk,0.0,37.0,0.0,0.0,0.0,0.0,0.0,0.0,0
BaseBridge7.apk,0.0,37.0,0.0,0.0,0.0,0.0,0.0,0.0,0
BaseBridge70.apk,0.0,37.0,0.0,0.0,0.0,0.0,0.0,0.0,0
BaseBridge71.apk,0.0,37.0,0.0,0.0,0.0,0.0,0.0,0.0,0
BaseBridge72.apk,0.0,37.0,0.0,0.0,0.0,0.0,0.0,0.0,0
BaseBridge73.apk,0.0,37.0,0.0,0.0,0.0,0.0,0.0,0.0,0
BaseBridge74.apk,0.0,37.0,0.0,0.0,0.0,0.0,0.0,0.0,0
BaseBridge75.apk,0.0,37.0,0.0,0.0,0.0,0.0,0.0,0.0,0
BaseBridge76.apk,0.0,37.0,0.0,0.0,0.0,0.0,0.0,0.0,0
BaseBridge77.apk,0.0,37.0,0.0,0.0,0.0,0.0,0.0,0.0,0
BaseBridge78.apk,0.0,37.0,0.0,0.0,0.0,0.0,0.0,0.0,0
BaseBridge79.apk,0.0,37.0,0.0,0.0,0.0,0.0,0.0,0.0,0
BaseBridge8.apk,0.0,37.0,0.0,0.0,0.0,0.0,0.0,0.0,0
BaseBridge80.apk,0.0,37.0,0.0,0.0,0.0,0.0,0.0,0.0,0
BaseBridge81.apk,0.0,37.0,0.0,0.0,0.0,0.0,0.0,0.0,0
BaseBridge82.apk,0.0,37.0,0.0,0.0,0.0,0.0,0.0,0.0,0
BaseBridge83.apk,0.0,37.0,0.0,0.0,0.0,0.0,0.0,0.0,0
BaseBridge84.apk,0.0,37.0,0.0,0.0,0.0,0.0,0.0,0.0,0
BaseBridge85.apk,0.0,37.0,0.0,0.0,0.0,0.0,0.0,0.0,0
BaseBridge86.apk,0.0,37.0,0.0,0.0,0.0,0.0,0.0,0.0,0
BaseBridge87.apk,0.0,37.0,0.0,0.0,0.0,0.0,0.0,0.0,0
BaseBridge88.apk,0.0,37.0,0.0,0.0,0.0,0.0,0.0,0.0,0
BaseBridge89.apk,0.0,37.0,0.0,0.0,0.0,0.0,0.0,0.0,0
BaseBridge9.apk,0.0,37.0,0.0,0.0,0.0,0.0,0.0,0.0,0
BaseBridge90.apk,0.0,37.0,0.0,0.0,0.0,0.0,0.0,0.0,0
BaseBridge91.apk,0.0,37.0,0.0,0.0,0.0,0.0,0.0,0.0,0
BaseBridge92.apk,0.0,37.0,0.0,0.0,0.0,0.0,0.0,0.0,0
BaseBridge93.apk,0.0,37.0,0.0,0.0,0.0,0.0,0.0,0.0,0
BaseBridge94.apk,0.0,37.0,0.0,0.0,0.0,0.0,0.0,0.0,0
BaseBridge95.apk,0.0,37.0,0.0,0.0,0.0,0.0,0.0,0.0,0
BaseBridge96.apk,0.0,37.0,0.0,0.0,0.0,0.0,0.0,0.0,0
BaseBridge97.apk,0.0,37.0,0.0,0.0,0.0,0.0,0.0,0.0,0
BaseBridge98.apk,0.0,37.0,0.0,0.0,0.0,0.0,0.0,0.0,0
BaseBridge99.apk,0.0,37.0,0.0,0.0,0.0,0.0,0.0,0.0,0
BeanBot1.apk,0.0,37.0,0.0,0.0,0.0,0.0,0.0,0.0,0
BeanBot2.apk,0.0,37.0,0.0,0.0,0.0,0.0,0.0,0.0,0
BeanBot3.apk,0.0,37.0,0.0,0.0,0.0,0.0,0.0,0.0,0
BeanBot4.apk,0.0,37.0,0.0,0.0,0.0,0.0,0.0,0.0,0
BeanBot5.apk,0.0,37.0,0.0,0.0,0.0,0.0,0.0,0.0,0
BeanBot6.apk,0.0,37.0,0.0,0.0,0.0,0.0,0.0,0.0,0
BeanBot7.apk,0.0,37.0,0.0,0.0,0.0,0.0,0.0,0.0,0
BeanBot8.apk,0.0,37.0,0.0,0.0,0.0,0.0,0.0,0.0,0
Bgserv1.apk,0.0,37.0,0.0,0.0,0.0,0.0,0.0,0.0,0
Bgserv2.apk,0.0,37.0,0.0,0.0,0.0,0.0,0.0,0.0,0
Bgserv3.apk,0.0,37.0,0.0,0.0,0.0,0.0,0.0,0.0,0
Bgserv4.apk,0.0,37.0,0.0,0.0,0.0,0.0,0.0,0.0,0
Bgserv5.apk,0.0,37.0,0.0,0.0,0.0,0.0,0.0,0.0,0
Bgserv6.apk,0.0,37.0,0.0,0.0,0.0,0.0,0.0,0.0,0
Bgserv7.apk,0.0,37.0,0.0,0.0,0.0,0.0,0.0,0.0,0
Bgserv8.apk,0.0,37.0,0.0,0.0,0.0,0.0,0.0,0.0,0
Bgserv9.apk,0.0,37.0,0.0,0.0,0.0,0.0,0.0,0.0,0
CoinPirate1.apk,0.3818,49.3654,12.3654,0.0,0.0,0.0,0.0,5.0385,51
CruseWin1.apk,0.0,37.0,0.0,0.0,0.0,0.0,0.0,0.0,0
CruseWin2.apk,0.0,37.0,0.0,0.0,0.0,0.0,0.0,0.0,0
DogWars1.apk,0.0,37.0,0.0,0.0,0.0,0.0,0.0,0.0,0
DroidCoupon1.apk,0.0,37.0,0.0,0.0,0.0,0.0,0.0,0.0,0
DroidDeluxe1.apk,0.0,37.0,0.0,0.0,0.0,0.0,0.0,0.0,0
DroidDream1.apk,0.0,37.0,0.0,0.0,0.0,0.0,0.0,0.0,0
DroidDream10.apk,0.0,37.0,0.0,0.0,0.0,0.0,0.0,0.0,0
DroidDream11.apk,0.0,37.0,0.0,0.0,0.0,0.0,0.0,0.0,0
DroidDream12.apk,0.0,37.0,0.0,0.0,0.0,0.0,0.0,0.0,0
DroidDream13.apk,0.0,37.0,0.0,0.0,0.0,0.0,0.0,0.0,0
DroidDream14.apk,0.0,37.0,0.0,0.0,0.0,0.0,0.0,0.0,0
DroidDream15.apk,0.0,37.0,0.0,0.0,0.0,0.0,0.0,0.0,0
DroidDream16.apk,0.0,37.0,0.0,0.0,0.0,0.0,0.0,0.0,0
DroidDream2.apk,0.0,37.0,0.0,0.0,0.0,0.0,0.0,0.0,0
DroidDream3.apk,0.0,37.0,0.0,0.0,0.0,0.0,0.0,0.0,0
DroidDream4.apk,0.0,37.0,0.0,0.0,0.0,0.0,0.0,0.0,0
DroidDream5.apk,0.0,37.0,0.0,0.0,0.0,0.0,0.0,0.0,0
DroidDream6.apk,0.0,37.0,0.0,0.0,0.0,0.0,0.0,0.0,0
DroidDream7.apk,0.0,37.0,0.0,0.0,0.0,0.0,0.0,0.0,0
DroidDream8.apk,0.0,37.0,0.0,0.0,0.0,0.0,0.0,0.0,0
DroidDream9.apk,0.0,37.0,0.0,0.0,0.0,0.0,0.0,0.0,0
DroidDreamLight1.apk,0.0,37.0,0.0,0.0,0.0,0.0,0.0,0.0,0
DroidDreamLight10.apk,0.3684,49.5294,12.5294,0.0,0.0,0.0,0.0,5.2941,16
DroidDreamLight11.apk,0.0,37.0,0.0,0.0,0.0,0.0,0.0,0.0,0
DroidDreamLight12.apk,0.3684,49.5294,12.5294,0.0,0.0,0.0,0.0,5.2941,16
DroidDreamLight13.apk,0.0,37.0,0.0,0.0,0.0,0.0,0.0,0.0,0
DroidDreamLight14.apk,0.3684,49.5294,12.5294,0.0,0.0,0.0,0.0,5.2941,16
DroidDreamLight15.apk,0.3684,49.5294,12.5294,0.0,0.0,0.0,0.0,5.2941,16
DroidDreamLight16.apk,0.0,37.0,0.0,0.0,0.0,0.0,0.0,0.0,0
DroidDreamLight17.apk,0.3684,49.5294,12.5294,0.0,0.0,0.0,0.0,5.2941,16
DroidDreamLight18.apk,0.3684,49.5294,12.5294,0.0,0.0,0.0,0.0,5.2941,16
DroidDreamLight19.apk,0.3684,49.5294,12.5294,0.0,0.0,0.0,0.0,5.2941,16
DroidDreamLight2.apk,0.0,37.0,0.0,0.0,0.0,0.0,0.0,0.0,0
DroidDreamLight20.apk,0.3684,49.5294,12.5294,0.0,0.0,0.0,0.0,5.2941,16
DroidDreamLight21.apk,0.3684,49.5294,12.5294,0.0,0.0,0.0,0.0,5.2941,16
DroidDreamLight22.apk,0.3684,49.5294,12.5294,0.0,0.0,0.0,0.0,5.2941,16
DroidDreamLight23.apk,0.3684,49.5294,12.5294,0.0,0.0,0.0,0.0,5.2941,16
DroidDreamLight24.apk,0.3684,49.5294,12.5294,0.0,0.0,0.0,0.0,5.2941,16
DroidDreamLight25.apk,0.0,37.0,0.0,0.0,0.0,0.0,0.0,0.0,0
DroidDreamLight26.apk,0.3684,49.5294,12.5294,0.0,0.0,0.0,0.0,5.2941,16
DroidDreamLight27.apk,0.3684,49.5294,12.5294,0.0,0.0,0.0,0.0,5.2941,16
DroidDreamLight28.apk,0.3684,49.5294,12.5294,0.0,0.0,0.0,0.0,5.2941,16
DroidDreamLight29.apk,0.3684,49.5294,12.5294,0.0,0.0,0.0,0.0,5.2941,16
DroidDreamLight3.apk,0.3684,49.5294,12.5294,0.0,0.0,0.0,0.0,5.2941,16
DroidDreamLight30.apk,0.3684,49.5294,12.5294,0.0,0.0,0.0,0.0,5.2941,16
DroidDreamLight31.apk,0.3684,49.5294,12.5294,0.0,0.0,0.0,0.0,5.2941,16
DroidDreamLight32.apk,0.3684,49.5294,12.5294,0.0,0.0,0.0,0.0,5.2941,16
DroidDreamLight33.apk,0.3684,49.5294,12.5294,0.0,0.0,0.0,0.0,5.2941,16
DroidDreamLight34.apk,0.0,37.0,0.0,0.0,0.0,0.0,0.0,0.0,0
DroidDreamLight35.apk,0.3684,49.5294,12.5294,0.0,0.0,0.0,0.0,5.2941,16
DroidDreamLight36.apk,0.0,37.0,0.0,0.0,0.0,0.0,0.0,0.0,0
DroidDreamLight37.apk,0.0,37.0,0.0,0.0,0.0,0.0,0.0,0.0,0
DroidDreamLight38.apk,0.3684,49.5294,12.5294,0.0,0.0,0.0,0.0,5.2941,16
DroidDreamLight39.apk,0.3684,49.5294,12.5294,0.0,0.0,0.0,0.0,5.2941,16
DroidDreamLight4.apk,0.3684,49.5294,12.5294,0.0,0.0,0.0,0.0,5.2941,16
DroidDreamLight40.apk,0.0,37.0,0.0,0.0,0.0,0.0,0.0,0.0,0
DroidDreamLight41.apk,0.3684,49.5294,12.5294,0.0,0.0,0.0,0.0,5.2941,16
DroidDreamLight42.apk,0.3684,49.5294,12.5294,0.0,0.0,0.0,0.0,5.2941,16
DroidDreamLight43.apk,0.3684,49.5294,12.5294,0.0,0.0,0.0,0.0,5.2941,16
DroidDreamLight44.apk,0.3684,49.5294,12.5294,0.0,0.0,0.0,0.0,5.2941,16
DroidDreamLight45.apk,0.0,37.0,0.0,0.0,0.0,0.0,0.0,0.0,0
DroidDreamLight46.apk,0.3684,49.5294,12.5294,0.0,0.0,0.0,0.0,5.2941,16
DroidDreamLight5.apk,0.0,37.0,0.0,0.0,0.0,0.0,0.0,0.0,0
DroidDreamLight6.apk,0.0,37.0,0.0,0.0,0.0,0.0,0.0,0.0,0
DroidDreamLight7.apk,0.3684,49.5294,12.5294,0.0,0.0,0.0,0.0,5.2941,16
DroidDreamLight8.apk,0.3684,49.5294,12.5294,0.0,0.0,0.0,0.0,5.2941,16
DroidDreamLight9.apk,0.3684,49.5294,12.5294,0.0,0.0,0.0,0.0,5.2941,16
DroidKungFu11.apk,0.0,37.5,0.5,0.0,0.0,0.5,0.0,0.0,1
DroidKungFu110.apk,0.0,37.0,0.0,0.0,0.0,0.0,0.0,0.0,0
DroidKungFu111.apk,0.0,37.0,0.0,0.0,0.0,0.0,0.0,0.0,0
DroidKungFu112.apk,0.3037,54.4615,17.4615,0.0,0.0,0.0,0.0,13.7108,324
DroidKungFu113.apk,0.3684,49.5294,12.5294,0.0,0.0,0.0,0.0,5.2941,16
DroidKungFu114.apk,0.0,37.0,0.0,0.0,0.0,0.0,0.0,0.0,0
DroidKungFu115.apk,0.3684,49.5294,12.5294,0.0,0.0,0.0,0.0,5.2941,16
DroidKungFu116.apk,0.0,37.0,0.0,0.0,0.0,0.0,0.0,0.0,0
DroidKungFu117.apk,0.0,37.0,0.0,0.0,0.0,0.0,0.0,0.0,0
DroidKungFu118.apk,0.0,37.0,0.0,0.0,0.0,0.0,0.0,0.0,0
DroidKungFu119.apk,0.0,37.0,0.0,0.0,0.0,0.0,0.0,0.0,0
DroidKungFu12.apk,0.0,37.0,0.0,0.0,0.0,0.0,0.0,0.0,0
DroidKungFu120.apk,0.0,37.0,0.0,0.0,0.0,0.0,0.0,0.0,0
DroidKungFu121.apk,0.0,37.0,0.0,0.0,0.0,0.0,0.0,0.0,0
DroidKungFu122.apk,0.0,37.0,0.0,0.0,0.0,0.0,0.0,0.0,0
DroidKungFu123.apk,0.0,37.0,0.0,0.0,0.0,0.0,0.0,0.0,0
DroidKungFu124.apk,0.0,37.0,0.0,0.0,0.0,0.0,0.0,0.0,0
DroidKungFu125.apk,0.0,37.0,0.0,0.0,0.0,0.0,0.0,0.0,0
DroidKungFu126.apk,0.0,37.0,0.0,0.0,0.0,0.0,0.0,0.0,0
DroidKungFu127.apk,0.3684,49.5294,12.5294,0.0,0.0,0.0,0.0,5.2941,16
DroidKungFu128.apk,0.0,37.0,0.0,0.0,0.0,0.0,0.0,0.0,0
DroidKungFu129.apk,0.0,37.0,0.0,0.0,0.0,0.0,0.0,0.0,0
DroidKungFu13.apk,0.0,37.0,0.0,0.0,0.0,0.0,0.0,0.0,0
DroidKungFu130.apk,0.3684,49.5294,12.5294,0.0,0.0,0.0,0.0,5.2941,16
DroidKungFu131.apk,0.0,37.0,0.0,0.0,0.0,0.0,0.0,0.0,0
DroidKungFu133.apk,0.0,37.0,0.0,0.0,0.0,0.0,0.0,0.0,0
DroidKungFu134.apk,0.0,37.0,0.0,0.0,0.0,0.0,0.0,0.0,0
DroidKungFu14.apk,0.0,37.0,0.0,0.0,0.0,0.0,0.0,0.0,0
DroidKungFu15.apk,0.1747,39.75,2.75,0.0,0.0,0.0,0.0,0.1667,11
DroidKungFu16.apk,0.0,37.0,0.0,0.0,0.0,0.0,0.0,0.0,0
DroidKungFu17.apk,0.0,37.0,0.0,0.0,0.0,0.0,0.0,0.0,0
DroidKungFu18.apk,0.0,37.0,0.0,0.0,0.0,0.0,0.0,0.0,0
DroidKungFu19.apk,0.0,37.0,0.0,0.0,0.0,0.0,0.0,0.0,0
DroidKungFu21.apk,0.0,37.0,0.0,0.0,0.0,0.0,0.0,0.0,0
DroidKungFu210.apk,0.0,37.0,0.0,0.0,0.0,0.0,0.0,0.0,0
DroidKungFu211.apk,0.0,37.0,0.0,0.0,0.0,0.0,0.0,0.0,0
DroidKungFu212.apk,0.3684,49.5294,12.5294,0.0,0.0,0.0,0.0,5.2941,16
DroidKungFu213.apk,0.1747,39.75,2.75,0.0,0.0,0.0,0.0,0.1667,11
DroidKungFu214.apk,0.0,37.0,0.0,0.0,0.0,0.0,0.0,0.0,0
DroidKungFu215.apk,0.0,37.0,0.0,0.0,0.0,0.0,0.0,0.0,0
DroidKungFu216.apk,0.0,37.0,0.0,0.0,0.0,0.0,0.0,0.0,0
DroidKungFu217.apk,0.0,37.0,0.0,0.0,0.0,0.0,0.0,0.0,0
DroidKungFu218.apk,0.1747,39.75,2.75,0.0,0.0,0.0,0.0,0.1667,11
DroidKungFu219.apk,0.0,37.0,0.0,0.0,0.0,0.0,0.0,0.0,0
DroidKungFu22.apk,0.0,37.0,0.0,0.0,0.0,0.0,0.0,0.0,0
DroidKungFu220.apk,0.0,37.0,0.0,0.0,0.0,0.0,0.0,0.0,0
DroidKungFu221.apk,0.1747,39.75,2.75,0.0,0.0,0.0,0.0,0.1667,11
DroidKungFu222.apk,0.0,37.0,0.0,0.0,0.0,0.0,0.0,0.0,0
DroidKungFu223.apk,0.1747,39.75,2.75,0.0,0.0,0.0,0.0,0.1667,11
DroidKungFu224.apk,0.0,37.0,0.0,0.0,0.0,0.0,0.0,0.0,0
DroidKungFu225.apk,0.0,37.0,0.0,0.0,0.0,0.0,0.0,0.0,0
DroidKungFu226.apk,0.0,37.0,0.0,0.0,0.0,0.0,0.0,0.0,0
DroidKungFu227.apk,0.1747,39.75,2.75,0.0,0.0,0.0,0.0,0.1667,11
DroidKungFu228.apk,0.0,37.0,0.0,0.0,0.0,0.0,0.0,0.0,0
DroidKungFu229.apk,0.0,37.0,0.0,0.0,0.0,0.0,0.0,0.0,0
DroidKungFu23.apk,0.3684,49.5294,12.5294,0.0,0.0,0.0,0.0,5.2941,16
DroidKungFu230.apk,0.0,37.0,0.0,0.0,0.0,0.0,0.0,0.0,0
DroidKungFu24.apk,0.0,37.0,0.0,0.0,0.0,0.0,0.0,0.0,0
DroidKungFu25.apk,0.0,37.0,0.0,0.0,0.0,0.0,0.0,0.0,0
DroidKungFu26.apk,0.0,37.0,0.0,0.0,0.0,0.0,0.0,0.0,0
DroidKungFu27.apk,0.0,37.0,0.0,0.0,0.0,0.0,0.0,0.0,0
DroidKungFu28.apk,0.0,37.0,0.0,0.0,0.0,0.0,0.0,0.0,0
DroidKungFu29.apk,0.0,37.0,0.0,0.0,0.0,0.0,0.0,0.0,0
DroidKungFu31.apk,0.0,37.0,0.0,0.0,0.0,0.0,0.0,0.0,0
DroidKungFu310.apk,0.0,37.0,0.0,0.0,0.0,0.0,0.0,0.0,0
DroidKungFu3100.apk,0.0,37.0,0.0,0.0,0.0,0.0,0.0,0.0,0
DroidKungFu3101.apk,0.0,37.0,0.0,0.0,0.0,0.0,0.0,0.0,0
DroidKungFu3102.apk,0.3684,49.5294,12.5294,0.0,0.0,0.0,0.0,5.2941,16
DroidKungFu3103.apk,0.0,37.0,0.0,0.0,0.0,0.0,0.0,0.0,0
DroidKungFu3104.apk,0.0,37.0,0.0,0.0,0.0,0.0,0.0,0.0,0
DroidKungFu3105.apk,0.0,37.0,0.0,0.0,0.0,0.0,0.0,0.0,0
DroidKungFu3106.apk,0.0,37.0,0.0,0.0,0.0,0.0,0.0,0.0,0
DroidKungFu3107.apk,0.3684,49.5294,12.5294,0.0,0.0,0.0,0.0,5.2941,16
DroidKungFu3108.apk,0.0,37.0,0.0,0.0,0.0,0.0,0.0,0.0,0
DroidKungFu3109.apk,0.0,37.0,0.0,0.0,0.0,0.0,0.0,0.0,0
DroidKungFu311.apk,0.0,37.0,0.0,0.0,0.0,0.0,0.0,0.0,0
DroidKungFu3110.apk,0.0,37.0,0.0,0.0,0.0,0.0,0.0,0.0,0
DroidKungFu3111.apk,0.0,37.0,0.0,0.0,0.0,0.0,0.0,0.0,0
DroidKungFu3112.apk,0.0,37.0,0.0,0.0,0.0,0.0,0.0,0.0,0
DroidKungFu3113.apk,0.3684,49.5294,12.5294,0.0,0.0,0.0,0.0,5.2941,16
DroidKungFu3114.apk,0.0,37.0,0.0,0.0,0.0,0.0,0.0,0.0,0
DroidKungFu3115.apk,0.0,37.0,0.0,0.0,0.0,0.0,0.0,0.0,0
DroidKungFu3116.apk,0.0,37.0,0.0,0.0,0.0,0.0,0.0,0.0,0
DroidKungFu3117.apk,0.0,37.0,0.0,0.0,0.0,0.0,0.0,0.0,0
DroidKungFu3118.apk,0.0,37.0,0.0,0.0,0.0,0.0,0.0,0.0,0
DroidKungFu3119.apk,0.0,37.0,0.0,0.0,0.0,0.0,0.0,0.0,0
DroidKungFu312.apk,0.0,37.0,0.0,0.0,0.0,0.0,0.0,0.0,0
DroidKungFu3120.apk,0.0,37.0,0.0,0.0,0.0,0.0,0.0,0.0,0
DroidKungFu3121.apk,0.0,37.0,0.0,0.0,0.0,0.0,0.0,0.0,0
DroidKungFu3122.apk,0.0,37.0,0.0,0.0,0.0,0.0,0.0,0.0,0
DroidKungFu3123.apk,0.0,37.0,0.0,0.0,0.0,0.0,0.0,0.0,0
DroidKungFu3124.apk,0.3684,49.5294,12.5294,0.0,0.0,0.0,0.0,5.2941,16
DroidKungFu3125.apk,0.0,37.0,0.0,0.0,0.0,0.0,0.0,0.0,0
DroidKungFu3126.apk,0.0,37.0,0.0,0.0,0.0,0.0,0.0,0.0,0
DroidKungFu3127.apk,0.3684,49.5294,12.5294,0.0,0.0,0.0,0.0,5.2941,16
DroidKungFu3128.apk,0.3684,49.5294,12.5294,0.0,0.0,0.0,0.0,5.2941,16
DroidKungFu3129.apk,0.0,37.0,0.0,0.0,0.0,0.0,0.0,0.0,0
DroidKungFu313.apk,0.0,37.0,0.0,0.0,0.0,0.0,0.0,0.0,0
DroidKungFu3130.apk,0.3684,49.5294,12.5294,0.0,0.0,0.0,0.0,5.2941,16
DroidKungFu3131.apk,0.3684,49.5294,12.5294,0.0,0.0,0.0,0.0,5.2941,16
DroidKungFu3132.apk,0.0,37.0,0.0,0.0,0.0,0.0,0.0,0.0,0
DroidKungFu3133.apk,0.0,37.0,0.0,0.0,0.0,0.0,0.0,0.0,0
DroidKungFu3135.apk,0.0,37.0,0.0,0.0,0.0,0.0,0.0,0.0,0
DroidKungFu3136.apk,0.0,37.0,0.0,0.0,0.0,0.0,0.0,0.0,0
DroidKungFu3137.apk,0.0,37.0,0.0,0.0,0.0,0.0,0.0,0.0,0
DroidKungFu3138.apk,0.0,37.0,0.0,0.0,0.0,0.0,0.0,0.0,0
DroidKungFu3139.apk,0.0,37.0,0.0,0.0,0.0,0.0,0.0,0.0,0
DroidKungFu314.apk,0.0,37.0,0.0,0.0,0.0,0.0,0.0,0.0,0
DroidKungFu3140.apk,0.3684,49.5294,12.5294,0.0,0.0,0.0,0.0,5.2941,16
DroidKungFu3141.apk,0.0,37.0,0.0,0.0,0.0,0.0,0.0,0.0,0
DroidKungFu3142.apk,0.0,37.0,0.0,0.0,0.0,0.0,0.0,0.0,0
DroidKungFu3143.apk,0.0,37.0,0.0,0.0,0.0,0.0,0.0,0.0,0
DroidKungFu3144.apk,0.0,37.0,0.0,0.0,0.0,0.0,0.0,0.0,0
DroidKungFu3145.apk,0.0,37.0,0.0,0.0,0.0,0.0,0.0,0.0,0
DroidKungFu3146.apk,0.0,37.0,0.0,0.0,0.0,0.0,0.0,0.0,0
DroidKungFu3147.apk,0.0,37.0,0.0,0.0,0.0,0.0,0.0,0.0,0
DroidKungFu3148.apk,0.3684,49.5294,12.5294,0.0,0.0,0.0,0.0,5.2941,16
DroidKungFu3149.apk,0.0,37.0,0.0,0.0,0.0,0.0,0.0,0.0,0
DroidKungFu315.apk,0.0,37.0,0.0,0.0,0.0,0.0,0.0,0.0,0
DroidKungFu3150.apk,0.0,37.0,0.0,0.0,0.0,0.0,0.0,0.0,0
DroidKungFu3151.apk,0.0,37.0,0.0,0.0,0.0,0.0,0.0,0.0,0
DroidKungFu3152.apk,0.0,37.0,0.0,0.0,0.0,0.0,0.0,0.0,0
DroidKungFu3153.apk,0.0,37.0,0.0,0.0,0.0,0.0,0.0,0.0,0
DroidKungFu3154.apk,0.0,37.0,0.0,0.0,0.0,0.0,0.0,0.0,0
DroidKungFu3155.apk,0.3684,49.5294,12.5294,0.0,0.0,0.0,0.0,5.2941,16
DroidKungFu3156.apk,0.0,37.0,0.0,0.0,0.0,0.0,0.0,0.0,0
DroidKungFu3157.apk,0.0,37.0,0.0,0.0,0.0,0.0,0.0,0.0,0
DroidKungFu3158.apk,0.0,37.0,0.0,0.0,0.0,0.0,0.0,0.0,0
DroidKungFu3159.apk,0.0,37.0,0.0,0.0,0.0,0.0,0.0,0.0,0
DroidKungFu316.apk,0.0,37.0,0.0,0.0,0.0,0.0,0.0,0.0,0
DroidKungFu3161.apk,0.0,37.0,0.0,0.0,0.0,0.0,0.0,0.0,0
DroidKungFu3163.apk,0.0,37.0,0.0,0.0,0.0,0.0,0.0,0.0,0
DroidKungFu3164.apk,0.0,37.0,0.0,0.0,0.0,0.0,0.0,0.0,0
DroidKungFu3165.apk,0.0,37.0,0.0,0.0,0.0,0.0,0.0,0.0,0
DroidKungFu3166.apk,0.0,37.0,0.0,0.0,0.0,0.0,0.0,0.0,0
DroidKungFu3167.apk,0.0,37.0,0.0,0.0,0.0,0.0,0.0,0.0,0
DroidKungFu3168.apk,0.0,37.0,0.0,0.0,0.0,0.0,0.0,0.0,0
DroidKungFu3169.apk,0.0,37.0,0.0,0.0,0.0,0.0,0.0,0.0,0
DroidKungFu317.apk,0.0,37.0,0.0,0.0,0.0,0.0,0.0,0.0,0
DroidKungFu3170.apk,0.3684,49.5294,12.5294,0.0,0.0,0.0,0.0,5.2941,16
DroidKungFu3171.apk,0.0,37.0,0.0,0.0,0.0,0.0,0.0,0.0,0
DroidKungFu3172.apk,0.0,37.0,0.0,0.0,0.0,0.0,0.0,0.0,0
DroidKungFu3173.apk,0.0,37.0,0.0,0.0,0.0,0.0,0.0,0.0,0
DroidKungFu3174.apk,0.0,37.0,0.0,0.0,0.0,0.0,0.0,0.0,0
DroidKungFu3175.apk,0.0,37.0,0.0,0.0,0.0,0.0,0.0,0.0,0
DroidKungFu3176.apk,0.3684,49.5294,12.5294,0.0,0.0,0.0,0.0,5.2941,16
DroidKungFu3177.apk,0.0,37.0,0.0,0.0,0.0,0.0,0.0,0.0,0
DroidKungFu3178.apk,0.0,37.0,0.0,0.0,0.0,0.0,0.0,0.0,0
DroidKungFu3179.apk,0.2025,48.5,11.5,0.0,0.0,1.5,0.0,9.0,1
DroidKungFu318.apk,0.0,37.0,0.0,0.0,0.0,0.0,0.0,0.0,0
DroidKungFu3180.apk,0.3684,49.5294,12.5294,0.0,0.0,0.0,0.0,5.2941,16
DroidKungFu3181.apk,0.0,37.0,0.0,0.0,0.0,0.0,0.0,0.0,0
DroidKungFu3182.apk,0.0,37.0,0.0,0.0,0.0,0.0,0.0,0.0,0
DroidKungFu3183.apk,0.0,37.0,0.0,0.0,0.0,0.0,0.0,0.0,0
DroidKungFu3184.apk,0.0,37.0,0.0,0.0,0.0,0.0,0.0,0.0,0
DroidKungFu3185.apk,0.0,37.0,0.0,0.0,0.0,0.0,0.0,0.0,0
DroidKungFu3186.apk,0.0,37.0,0.0,0.0,0.0,0.0,0.0,0.0,0
DroidKungFu3187.apk,0.3684,49.5294,12.5294,0.0,0.0,0.0,0.0,5.2941,16
DroidKungFu3188.apk,0.0,37.0,0.0,0.0,0.0,0.0,0.0,0.0,0
DroidKungFu3189.apk,0.0,37.0,0.0,0.0,0.0,0.0,0.0,0.0,0
DroidKungFu319.apk,0.0,37.0,0.0,0.0,0.0,0.0,0.0,0.0,0
DroidKungFu3190.apk,0.0,37.0,0.0,0.0,0.0,0.0,0.0,0.0,0
DroidKungFu3191.apk,0.0,37.0,0.0,0.0,0.0,0.0,0.0,0.0,0
DroidKungFu3192.apk,0.0,37.0,0.0,0.0,0.0,0.0,0.0,0.0,0
DroidKungFu3193.apk,0.0,37.0,0.0,0.0,0.0,0.0,0.0,0.0,0
DroidKungFu3194.apk,0.0,37.0,0.0,0.0,0.0,0.0,0.0,0.0,0
DroidKungFu3195.apk,0.0,37.0,0.0,0.0,0.0,0.0,0.0,0.0,0
DroidKungFu3196.apk,0.0,37.0,0.0,0.0,0.0,0.0,0.0,0.0,0
DroidKungFu3197.apk,0.0,37.0,0.0,0.0,0.0,0.0,0.0,0.0,0
DroidKungFu3198.apk,0.0,37.0,0.0,0.0,0.0,0.0,0.0,0.0,0
DroidKungFu3199.apk,0.0,37.0,0.0,0.0,0.0,0.0,0.0,0.0,0
DroidKungFu32.apk,0.0,37.0,0.0,0.0,0.0,0.0,0.0,0.0,0
DroidKungFu320.apk,0.0,37.0,0.0,0.0,0.0,0.0,0.0,0.0,0
DroidKungFu3200.apk,0.0,37.0,0.0,0.0,0.0,0.0,0.0,0.0,0
DroidKungFu3201.apk,0.0,37.0,0.0,0.0,0.0,0.0,0.0,0.0,0
DroidKungFu3202.apk,0.0,37.0,0.0,0.0,0.0,0.0,0.0,0.0,0
DroidKungFu3203.apk,0.0,37.0,0.0,0.0,0.0,0.0,0.0,0.0,0
DroidKungFu3204.apk,0.0,37.0,0.0,0.0,0.0,0.0,0.0,0.0,0
DroidKungFu3205.apk,0.3684,49.5294,12.5294,0.0,0.0,0.0,0.0,5.2941,16
DroidKungFu3206.apk,0.0,37.0,0.0,0.0,0.0,0.0,0.0,0.0,0
DroidKungFu3207.apk,0.0,37.0,0.0,0.0,0.0,0.0,0.0,0.0,0
DroidKungFu3208.apk,0.0,37.0,0.0,0.0,0.0,0.0,0.0,0.0,0
DroidKungFu3209.apk,0.0,37.0,0.0,0.0,0.0,0.0,0.0,0.0,0
DroidKungFu321.apk,0.3684,49.5294,12.5294,0.0,0.0,0.0,0.0,5.2941,16
DroidKungFu3210.apk,0.0,37.0,0.0,0.0,0.0,0.0,0.0,0.0,0
DroidKungFu3211.apk,0.0,37.0,0.0,0.0,0.0,0.0,0.0,0.0,0
DroidKungFu3212.apk,0.0,37.0,0.0,0.0,0.0,0.0,0.0,0.0,0
DroidKungFu3213.apk,0.0,37.0,0.0,0.0,0.0,0.0,0.0,0.0,0
DroidKungFu3214.apk,0.0,37.0,0.0,0.0,0.0,0.0,0.0,0.0,0
DroidKungFu3215.apk,0.0,37.0,0.0,0.0,0.0,0.0,0.0,0.0,0
DroidKungFu3216.apk,0.0,37.0,0.0,0.0,0.0,0.0,0.0,0.0,0
DroidKungFu3217.apk,0.0,37.0,0.0,0.0,0.0,0.0,0.0,0.0,0
DroidKungFu3218.apk,0.0,37.0,0.0,0.0,0.0,0.0,0.0,0.0,0
DroidKungFu3219.apk,0.0,37.0,0.0,0.0,0.0,0.0,0.0,0.0,0
DroidKungFu322.apk,0.0,37.0,0.0,0.0,0.0,0.0,0.0,0.0,0
DroidKungFu3220.apk,0.0,37.0,0.0,0.0,0.0,0.0,0.0,0.0,0
DroidKungFu3221.apk,0.0,37.0,0.0,0.0,0.0,0.0,0.0,0.0,0
DroidKungFu3222.apk,0.0,37.0,0.0,0.0,0.0,0.0,0.0,0.0,0
DroidKungFu3223.apk,0.0,37.0,0.0,0.0,0.0,0.0,0.0,0.0,0
DroidKungFu3224.apk,0.0,37.0,0.0,0.0,0.0,0.0,0.0,0.0,0
DroidKungFu3225.apk,0.0,37.0,0.0,0.0,0.0,0.0,0.0,0.0,0
DroidKungFu3226.apk,0.0,37.0,0.0,0.0,0.0,0.0,0.0,0.0,0
DroidKungFu3227.apk,0.0,37.0,0.0,0.0,0.0,0.0,0.0,0.0,0
DroidKungFu3228.apk,0.0,37.0,0.0,0.0,0.0,0.0,0.0,0.0,0
DroidKungFu3229.apk,0.0,37.0,0.0,0.0,0.0,0.0,0.0,0.0,0
DroidKungFu323.apk,0.0,37.0,0.0,0.0,0.0,0.0,0.0,0.0,0
DroidKungFu3230.apk,0.0,37.0,0.0,0.0,0.0,0.0,0.0,0.0,0
DroidKungFu3231.apk,0.0,37.0,0.0,0.0,0.0,0.0,0.0,0.0,0
DroidKungFu3232.apk,0.0,37.0,0.0,0.0,0.0,0.0,0.0,0.0,0
DroidKungFu3233.apk,0.0,37.0,0.0,0.0,0.0,0.0,0.0,0.0,0
DroidKungFu3234.apk,0.0,37.0,0.0,0.0,0.0,0.0,0.0,0.0,0
DroidKungFu3235.apk,0.3684,49.5294,12.5294,0.0,0.0,0.0,0.0,5.2941,16
DroidKungFu3236.apk,0.3684,49.5294,12.5294,0.0,0.0,0.0,0.0,5.2941,16
DroidKungFu3237.apk,0.0,37.0,0.0,0.0,0.0,0.0,0.0,0.0,0
DroidKungFu3238.apk,0.0,37.0,0.0,0.0,0.0,0.0,0.0,0.0,0
DroidKungFu3239.apk,0.0,37.0,0.0,0.0,0.0,0.0,0.0,0.0,0
DroidKungFu324.apk,0.3705,50.1111,13.1111,0.0,0.0,0.1667,0.0,6.0,17
DroidKungFu3240.apk,0.0,37.0,0.0,0.0,0.0,0.0,0.0,0.0,0
DroidKungFu3241.apk,0.3684,49.5294,12.5294,0.0,0.0,0.0,0.0,5.2941,16
DroidKungFu3242.apk,0.0,37.0,0.0,0.0,0.0,0.0,0.0,0.0,0
DroidKungFu3243.apk,0.0,37.0,0.0,0.0,0.0,0.0,0.0,0.0,0
DroidKungFu3244.apk,0.0,37.0,0.0,0.0,0.0,0.0,0.0,0.0,0
DroidKungFu3245.apk,0.0,37.0,0.0,0.0,0.0,0.0,0.0,0.0,0
DroidKungFu3246.apk,0.0,37.0,0.0,0.0,0.0,0.0,0.0,0.0,0
DroidKungFu3247.apk,0.0,37.0,0.0,0.0,0.0,0.0,0.0,0.0,0
DroidKungFu3248.apk,0.0,37.0,0.0,0.0,0.0,0.0,0.0,0.0,0
DroidKungFu3249.apk,0.0,37.0,0.0,0.0,0.0,0.0,0.0,0.0,0
DroidKungFu325.apk,0.0,37.0,0.0,0.0,0.0,0.0,0.0,0.0,0
DroidKungFu3250.apk,0.0,37.0,0.0,0.0,0.0,0.0,0.0,0.0,0
DroidKungFu3251.apk,0.0,37.0,0.0,0.0,0.0,0.0,0.0,0.0,0
DroidKungFu3252.apk,0.0,37.0,0.0,0.0,0.0,0.0,0.0,0.0,0
DroidKungFu3253.apk,0.3684,49.5294,12.5294,0.0,0.0,0.0,0.0,5.2941,16
DroidKungFu3254.apk,0.0,37.0,0.0,0.0,0.0,0.0,0.0,0.0,0
DroidKungFu3255.apk,0.0,37.0,0.0,0.0,0.0,0.0,0.0,0.0,0
DroidKungFu3256.apk,0.0,37.0,0.0,0.0,0.0,0.0,0.0,0.0,0
DroidKungFu3257.apk,0.3684,49.5294,12.5294,0.0,0.0,0.0,0.0,5.2941,16
DroidKungFu3258.apk,0.0,37.0,0.0,0.0,0.0,0.0,0.0,0.0,0
DroidKungFu3259.apk,0.0,37.0,0.0,0.0,0.0,0.0,0.0,0.0,0
DroidKungFu326.apk,0.3684,49.5294,12.5294,0.0,0.0,0.0,0.0,5.2941,16
DroidKungFu3260.apk,0.3684,49.5294,12.5294,0.0,0.0,0.0,0.0,5.2941,16
DroidKungFu3261.apk,0.0,37.0,0.0,0.0,0.0,0.0,0.0,0.0,0
DroidKungFu3262.apk,0.0,37.0,0.0,0.0,0.0,0.0,0.0,0.0,0
DroidKungFu3263.apk,0.0,37.0,0.0,0.0,0.0,0.0,0.0,0.0,0
DroidKungFu3264.apk,0.0,37.0,0.0,0.0,0.0,0.0,0.0,0.0,0
DroidKungFu3265.apk,0.0,37.0,0.0,0.0,0.0,0.0,0.0,0.0,0
DroidKungFu3266.apk,0.3684,49.5294,12.5294,0.0,0.0,0.0,0.0,5.2941,16
DroidKungFu3267.apk,0.0,37.0,0.0,0.0,0.0,0.0,0.0,0.0,0
DroidKungFu3268.apk,0.0,37.0,0.0,0.0,0.0,0.0,0.0,0.0,0
DroidKungFu3269.apk,0.3684,49.5294,12.5294,0.0,0.0,0.0,0.0,5.2941,16
DroidKungFu327.apk,0.0,37.0,0.0,0.0,0.0,0.0,0.0,0.0,0
DroidKungFu3270.apk,0.0,37.0,0.0,0.0,0.0,0.0,0.0,0.0,0
DroidKungFu3271.apk,0.0,37.0,0.0,0.0,0.0,0.0,0.0,0.0,0
DroidKungFu3272.apk,0.0,37.0,0.0,0.0,0.0,0.0,0.0,0.0,0
DroidKungFu3273.apk,0.0,37.0,0.0,0.0,0.0,0.0,0.0,0.0,0
DroidKungFu3274.apk,0.0,37.0,0.0,0.0,0.0,0.0,0.0,0.0,0
DroidKungFu3275.apk,0.0,37.0,0.0,0.0,0.0,0.0,0.0,0.0,0
DroidKungFu3276.apk,0.0,37.0,0.0,0.0,0.0,0.0,0.0,0.0,0
DroidKungFu3277.apk,0.3684,49.5294,12.5294,0.0,0.0,0.0,0.0,5.2941,16
DroidKungFu3278.apk,0.0,37.0,0.0,0.0,0.0,0.0,0.0,0.0,0
DroidKungFu3279.apk,0.0,37.0,0.0,0.0,0.0,0.0,0.0,0.0,0
DroidKungFu328.apk,0.3579,58.2397,21.2397,0.0673,0.0568,0.2944,0.04,14.4543,950
DroidKungFu3280.apk,0.0,37.0,0.0,0.0,0.0,0.0,0.0,0.0,0
DroidKungFu3281.apk,0.0,37.0,0.0,0.0,0.0,0.0,0.0,0.0,0
DroidKungFu3282.apk,0.0,37.0,0.0,0.0,0.0,0.0,0.0,0.0,0
DroidKungFu3283.apk,0.0,37.0,0.0,0.0,0.0,0.0,0.0,0.0,0
DroidKungFu3284.apk,0.0,37.0,0.0,0.0,0.0,0.0,0.0,0.0,0
DroidKungFu3285.apk,0.0,37.0,0.0,0.0,0.0,0.0,0.0,0.0,0
DroidKungFu3286.apk,0.0,37.0,0.0,0.0,0.0,0.0,0.0,0.0,0
DroidKungFu3287.apk,0.3181,46.8333,9.8333,0.0,0.0,0.0,0.0,4.3333,11
DroidKungFu3288.apk,0.0,37.0,0.0,0.0,0.0,0.0,0.0,0.0,0
DroidKungFu3289.apk,0.0,37.0,0.0,0.0,0.0,0.0,0.0,0.0,0
DroidKungFu329.apk,0.0,37.0,0.0,0.0,0.0,0.0,0.0,0.0,0
DroidKungFu3290.apk,0.0,37.0,0.0,0.0,0.0,0.0,0.0,0.0,0
DroidKungFu3291.apk,0.3684,49.5294,12.5294,0.0,0.0,0.0,0.0,5.2941,16
DroidKungFu3292.apk,0.0,37.0,0.0,0.0,0.0,0.0,0.0,0.0,0
DroidKungFu3293.apk,0.0,37.0,0.0,0.0,0.0,0.0,0.0,0.0,0
DroidKungFu3294.apk,0.0,37.0,0.0,0.0,0.0,0.0,0.0,0.0,0
DroidKungFu3295.apk,0.3684,49.5294,12.5294,0.0,0.0,0.0,0.0,5.2941,16
DroidKungFu3296.apk,0.0,37.0,0.0,0.0,0.0,0.0,0.0,0.0,0
DroidKungFu3297.apk,0.0,37.0,0.0,0.0,0.0,0.0,0.0,0.0,0
DroidKungFu3298.apk,0.0,37.0,0.0,0.0,0.0,0.0,0.0,0.0,0
DroidKungFu3299.apk,0.0,37.0,0.0,0.0,0.0,0.0,0.0,0.0,0
DroidKungFu33.apk,0.0,37.0,0.0,0.0,0.0,0.0,0.0,0.0,0
DroidKungFu330.apk,0.3684,49.5294,12.5294,0.0,0.0,0.0,0.0,5.2941,16
DroidKungFu3300.apk,0.0,37.0,0.0,0.0,0.0,0.0,0.0,0.0,0
DroidKungFu3301.apk,0.0,37.0,0.0,0.0,0.0,0.0,0.0,0.0,0
DroidKungFu3302.apk,0.0,37.0,0.0,0.0,0.0,0.0,0.0,0.0,0
DroidKungFu3303.apk,0.0,37.0,0.0,0.0,0.0,0.0,0.0,0.0,0
DroidKungFu3304.apk,0.0,37.0,0.0,0.0,0.0,0.0,0.0,0.0,0
DroidKungFu3305.apk,0.0,37.0,0.0,0.0,0.0,0.0,0.0,0.0,0
DroidKungFu3306.apk,0.0,37.0,0.0,0.0,0.0,0.0,0.0,0.0,0
DroidKungFu3307.apk,0.0,37.0,0.0,0.0,0.0,0.0,0.0,0.0,0
DroidKungFu3308.apk,0.0,37.0,0.0,0.0,0.0,0.0,0.0,0.0,0
DroidKungFu331.apk,0.3684,49.5294,12.5294,0.0,0.0,0.0,0.0,5.2941,16
DroidKungFu332.apk,0.3684,49.5294,12.5294,0.0,0.0,0.0,0.0,5.2941,16
DroidKungFu333.apk,0.0,37.0,0.0,0.0,0.0,0.0,0.0,0.0,0
DroidKungFu334.apk,0.0,37.0,0.0,0.0,0.0,0.0,0.0,0.0,0
DroidKungFu335.apk,0.0,37.0,0.0,0.0,0.0,0.0,0.0,0.0,0
DroidKungFu336.apk,0.3684,49.5294,12.5294,0.0,0.0,0.0,0.0,5.2941,16
DroidKungFu337.apk,0.0,37.0,0.0,0.0,0.0,0.0,0.0,0.0,0
DroidKungFu338.apk,0.0,37.0,0.0,0.0,0.0,0.0,0.0,0.0,0
DroidKungFu339.apk,0.0,37.0,0.0,0.0,0.0,0.0,0.0,0.0,0
DroidKungFu34.apk,0.3705,48.325,11.325,0.0,0.0,0.0,0.0,3.825,39
DroidKungFu340.apk,0.0,37.0,0.0,0.0,0.0,0.0,0.0,0.0,0
DroidKungFu341.apk,0.0,37.0,0.0,0.0,0.0,0.0,0.0,0.0,0
DroidKungFu342.apk,0.0,37.0,0.0,0.0,0.0,0.0,0.0,0.0,0
DroidKungFu343.apk,0.0,37.0,0.0,0.0,0.0,0.0,0.0,0.0,0
DroidKungFu344.apk,0.0,37.0,0.0,0.0,0.0,0.0,0.0,0.0,0
DroidKungFu345.apk,0.0,37.0,0.0,0.0,0.0,0.0,0.0,0.0,0
DroidKungFu346.apk,0.0,37.0,0.0,0.0,0.0,0.0,0.0,0.0,0
DroidKungFu347.apk,0.0,37.0,0.0,0.0,0.0,0.0,0.0,0.0,0
DroidKungFu348.apk,0.0,37.0,0.0,0.0,0.0,0.0,0.0,0.0,0
DroidKungFu349.apk,0.0,37.0,0.0,0.0,0.0,0.0,0.0,0.0,0
DroidKungFu35.apk,0.0,37.0,0.0,0.0,0.0,0.0,0.0,0.0,0
DroidKungFu350.apk,0.0,37.0,0.0,0.0,0.0,0.0,0.0,0.0,0
DroidKungFu351.apk,0.0,37.0,0.0,0.0,0.0,0.0,0.0,0.0,0
DroidKungFu352.apk,0.0,37.0,0.0,0.0,0.0,0.0,0.0,0.0,0
DroidKungFu353.apk,0.0,37.0,0.0,0.0,0.0,0.0,0.0,0.0,0
DroidKungFu354.apk,0.0,37.0,0.0,0.0,0.0,0.0,0.0,0.0,0
DroidKungFu355.apk,0.0,37.0,0.0,0.0,0.0,0.0,0.0,0.0,0
DroidKungFu356.apk,0.0,37.0,0.0,0.0,0.0,0.0,0.0,0.0,0
DroidKungFu357.apk,0.0,37.0,0.0,0.0,0.0,0.0,0.0,0.0,0
DroidKungFu358.apk,0.0,37.0,0.0,0.0,0.0,0.0,0.0,0.0,0
DroidKungFu359.apk,0.0,37.0,0.0,0.0,0.0,0.0,0.0,0.0,0
DroidKungFu36.apk,0.0,37.0,0.0,0.0,0.0,0.0,0.0,0.0,0
DroidKungFu360.apk,0.0,37.0,0.0,0.0,0.0,0.0,0.0,0.0,0
DroidKungFu361.apk,0.3684,49.5294,12.5294,0.0,0.0,0.0,0.0,5.2941,16
DroidKungFu362.apk,0.0,37.0,0.0,0.0,0.0,0.0,0.0,0.0,0
DroidKungFu363.apk,0.0,37.0,0.0,0.0,0.0,0.0,0.0,0.0,0
DroidKungFu364.apk,0.0,37.0,0.0,0.0,0.0,0.0,0.0,0.0,0
DroidKungFu365.apk,0.3684,49.5294,12.5294,0.0,0.0,0.0,0.0,5.2941,16
DroidKungFu366.apk,0.0,37.0,0.0,0.0,0.0,0.0,0.0,0.0,0
DroidKungFu367.apk,0.0,37.0,0.0,0.0,0.0,0.0,0.0,0.0,0
DroidKungFu368.apk,0.3705,50.1111,13.1111,0.0,0.0,0.1667,0.0,6.0,17
DroidKungFu369.apk,0.0,37.0,0.0,0.0,0.0,0.0,0.0,0.0,0
DroidKungFu37.apk,0.0,37.0,0.0,0.0,0.0,0.0,0.0,0.0,0
DroidKungFu370.apk,0.0,37.0,0.0,0.0,0.0,0.0,0.0,0.0,0
DroidKungFu371.apk,0.0,37.0,0.0,0.0,0.0,0.0,0.0,0.0,0
DroidKungFu372.apk,0.0,37.0,0.0,0.0,0.0,0.0,0.0,0.0,0
DroidKungFu373.apk,0.0,37.0,0.0,0.0,0.0,0.0,0.0,0.0,0
DroidKungFu374.apk,0.0,37.0,0.0,0.0,0.0,0.0,0.0,0.0,0
DroidKungFu375.apk,0.0,37.0,0.0,0.0,0.0,0.0,0.0,0.0,0
DroidKungFu376.apk,0.0,37.0,0.0,0.0,0.0,0.0,0.0,0.0,0
DroidKungFu377.apk,0.0,37.0,0.0,0.0,0.0,0.0,0.0,0.0,0
DroidKungFu378.apk,0.0,37.0,0.0,0.0,0.0,0.0,0.0,0.0,0
DroidKungFu379.apk,0.3684,49.5294,12.5294,0.0,0.0,0.0,0.0,5.2941,16
DroidKungFu38.apk,0.3684,49.5294,12.5294,0.0,0.0,0.0,0.0,5.2941,16
DroidKungFu380.apk,0.0,37.0,0.0,0.0,0.0,0.0,0.0,0.0,0
DroidKungFu381.apk,0.3684,49.5294,12.5294,0.0,0.0,0.0,0.0,5.2941,16
DroidKungFu382.apk,0.0,37.0,0.0,0.0,0.0,0.0,0.0,0.0,0
DroidKungFu383.apk,0.0,37.0,0.0,0.0,0.0,0.0,0.0,0.0,0
DroidKungFu384.apk,0.0,37.0,0.0,0.0,0.0,0.0,0.0,0.0,0
DroidKungFu385.apk,0.3684,49.5294,12.5294,0.0,0.0,0.0,0.0,5.2941,16
DroidKungFu386.apk,0.0,37.0,0.0,0.0,0.0,0.0,0.0,0.0,0
DroidKungFu387.apk,0.3684,49.5294,12.5294,0.0,0.0,0.0,0.0,5.2941,16
DroidKungFu388.apk,0.0,37.0,0.0,0.0,0.0,0.0,0.0,0.0,0
DroidKungFu389.apk,0.3684,49.5294,12.5294,0.0,0.0,0.0,0.0,5.2941,16
DroidKungFu39.apk,0.0,37.0,0.0,0.0,0.0,0.0,0.0,0.0,0
DroidKungFu390.apk,0.0,37.0,0.0,0.0,0.0,0.0,0.0,0.0,0
DroidKungFu391.apk,0.0,37.0,0.0,0.0,0.0,0.0,0.0,0.0,0
DroidKungFu392.apk,0.3684,49.5294,12.5294,0.0,0.0,0.0,0.0,5.2941,16
DroidKungFu393.apk,0.0,37.0,0.0,0.0,0.0,0.0,0.0,0.0,0
DroidKungFu394.apk,0.3684,49.5294,12.5294,0.0,0.0,0.0,0.0,5.2941,16
DroidKungFu395.apk,0.3684,49.5294,12.5294,0.0,0.0,0.0,0.0,5.2941,16
DroidKungFu396.apk,0.0,37.0,0.0,0.0,0.0,0.0,0.0,0.0,0
DroidKungFu397.apk,0.0,37.0,0.0,0.0,0.0,0.0,0.0,0.0,0
DroidKungFu398.apk,0.0,37.0,0.0,0.0,0.0,0.0,0.0,0.0,0
DroidKungFu399.apk,0.0,37.0,0.0,0.0,0.0,0.0,0.0,0.0,0
DroidKungFu41.apk,0.1671,39.88,2.88,0.0,0.0,0.0,0.0,0.36,24
DroidKungFu410.apk,0.0,37.0,0.0,0.0,0.0,0.0,0.0,0.0,0
DroidKungFu411.apk,0.0,37.0,0.0,0.0,0.0,0.0,0.0,0.0,0
DroidKungFu412.apk,0.0,37.0,0.0,0.0,0.0,0.0,0.0,0.0,0
DroidKungFu413.apk,0.0,37.0,0.0,0.0,0.0,0.0,0.0,0.0,0
DroidKungFu414.apk,0.0,37.0,0.0,0.0,0.0,0.0,0.0,0.0,0
DroidKungFu415.apk,0.0,37.0,0.0,0.0,0.0,0.0,0.0,0.0,0
DroidKungFu416.apk,0.0,37.0,0.0,0.0,0.0,0.0,0.0,0.0,0
DroidKungFu417.apk,0.0,37.0,0.0,0.0,0.0,0.0,0.0,0.0,0
DroidKungFu418.apk,0.0,37.0,0.0,0.0,0.0,0.0,0.0,0.0,0
DroidKungFu419.apk,0.0,37.0,0.0,0.0,0.0,0.0,0.0,0.0,0
DroidKungFu42.apk,0.0,37.0,0.0,0.0,0.0,0.0,0.0,0.0,0
DroidKungFu420.apk,0.0,37.0,0.0,0.0,0.0,0.0,0.0,0.0,0
DroidKungFu421.apk,0.0,37.0,0.0,0.0,0.0,0.0,0.0,0.0,0
DroidKungFu422.apk,0.0,37.0,0.0,0.0,0.0,0.0,0.0,0.0,0
DroidKungFu423.apk,0.0,37.0,0.0,0.0,0.0,0.0,0.0,0.0,0
DroidKungFu424.apk,0.0,37.0,0.0,0.0,0.0,0.0,0.0,0.0,0
DroidKungFu425.apk,0.0,37.0,0.0,0.0,0.0,0.0,0.0,0.0,0
DroidKungFu426.apk,0.0,37.0,0.0,0.0,0.0,0.0,0.0,0.0,0
DroidKungFu427.apk,0.3684,49.5294,12.5294,0.0,0.0,0.0,0.0,5.2941,16
DroidKungFu428.apk,0.0,37.0,0.0,0.0,0.0,0.0,0.0,0.0,0
DroidKungFu429.apk,0.0,37.0,0.0,0.0,0.0,0.0,0.0,0.0,0
DroidKungFu43.apk,0.0,37.0,0.0,0.0,0.0,0.0,0.0,0.0,0
DroidKungFu430.apk,0.0,37.0,0.0,0.0,0.0,0.0,0.0,0.0,0
DroidKungFu431.apk,0.0,37.0,0.0,0.0,0.0,0.0,0.0,0.0,0
DroidKungFu432.apk,0.0,37.0,0.0,0.0,0.0,0.0,0.0,0.0,0
DroidKungFu433.apk,0.0,37.0,0.0,0.0,0.0,0.0,0.0,0.0,0
DroidKungFu434.apk,0.0,37.0,0.0,0.0,0.0,0.0,0.0,0.0,0
DroidKungFu435.apk,0.0,37.0,0.0,0.0,0.0,0.0,0.0,0.0,0
DroidKungFu436.apk,0.0,37.0,0.0,0.0,0.0,0.0,0.0,0.0,0
DroidKungFu437.apk,0.0,37.0,0.0,0.0,0.0,0.0,0.0,0.0,0
DroidKungFu438.apk,0.0,37.0,0.0,0.0,0.0,0.0,0.0,0.0,0
DroidKungFu439.apk,0.0,37.0,0.0,0.0,0.0,0.0,0.0,0.0,0
DroidKungFu44.apk,0.0,37.0,0.0,0.0,0.0,0.0,0.0,0.0,0
DroidKungFu440.apk,0.0,37.0,0.0,0.0,0.0,0.0,0.0,0.0,0
DroidKungFu441.apk,0.0,37.0,0.0,0.0,0.0,0.0,0.0,0.0,0
DroidKungFu442.apk,0.1671,39.88,2.88,0.0,0.0,0.0,0.0,0.36,24
DroidKungFu443.apk,0.1671,39.88,2.88,0.0,0.0,0.0,0.0,0.36,24
DroidKungFu444.apk,0.0,37.0,0.0,0.0,0.0,0.0,0.0,0.0,0
DroidKungFu445.apk,0.0,37.0,0.0,0.0,0.0,0.0,0.0,0.0,0
DroidKungFu446.apk,0.0,37.0,0.0,0.0,0.0,0.0,0.0,0.0,0
DroidKungFu447.apk,0.0,37.0,0.0,0.0,0.0,0.0,0.0,0.0,0
DroidKungFu448.apk,0.0,37.0,0.0,0.0,0.0,0.0,0.0,0.0,0
DroidKungFu449.apk,0.0,37.0,0.0,0.0,0.0,0.0,0.0,0.0,0
DroidKungFu45.apk,0.0,37.0,0.0,0.0,0.0,0.0,0.0,0.0,0
DroidKungFu450.apk,0.0,37.0,0.0,0.0,0.0,0.0,0.0,0.0,0
DroidKungFu451.apk,0.0,37.0,0.0,0.0,0.0,0.0,0.0,0.0,0
DroidKungFu452.apk,0.0,37.0,0.0,0.0,0.0,0.0,0.0,0.0,0
DroidKungFu453.apk,0.0,37.0,0.0,0.0,0.0,0.0,0.0,0.0,0
DroidKungFu454.apk,0.0,37.0,0.0,0.0,0.0,0.0,0.0,0.0,0
DroidKungFu455.apk,0.0,37.0,0.0,0.0,0.0,0.0,0.0,0.0,0
DroidKungFu456.apk,0.1671,39.88,2.88,0.0,0.0,0.0,0.0,0.36,24
DroidKungFu457.apk,0.0,37.0,0.0,0.0,0.0,0.0,0.0,0.0,0
DroidKungFu458.apk,0.0,37.0,0.0,0.0,0.0,0.0,0.0,0.0,0
DroidKungFu459.apk,0.0,37.0,0.0,0.0,0.0,0.0,0.0,0.0,0
DroidKungFu46.apk,0.0,37.0,0.0,0.0,0.0,0.0,0.0,0.0,0
DroidKungFu460.apk,0.0,37.0,0.0,0.0,0.0,0.0,0.0,0.0,0
DroidKungFu461.apk,0.0,37.0,0.0,0.0,0.0,0.0,0.0,0.0,0
DroidKungFu462.apk,0.0,37.0,0.0,0.0,0.0,0.0,0.0,0.0,0
DroidKungFu463.apk,0.0,37.0,0.0,0.0,0.0,0.0,0.0,0.0,0
DroidKungFu464.apk,0.0,37.0,0.0,0.0,0.0,0.0,0.0,0.0,0
DroidKungFu465.apk,0.0,37.0,0.0,0.0,0.0,0.0,0.0,0.0,0
DroidKungFu466.apk,0.0,37.0,0.0,0.0,0.0,0.0,0.0,0.0,0
DroidKungFu467.apk,0.0,37.0,0.0,0.0,0.0,0.0,0.0,0.0,0
DroidKungFu468.apk,0.0,37.0,0.0,0.0,0.0,0.0,0.0,0.0,0
DroidKungFu469.apk,0.0,37.0,0.0,0.0,0.0,0.0,0.0,0.0,0
DroidKungFu47.apk,0.0,37.0,0.0,0.0,0.0,0.0,0.0,0.0,0
DroidKungFu470.apk,0.1671,39.88,2.88,0.0,0.0,0.0,0.0,0.36,24
DroidKungFu471.apk,0.0,37.0,0.0,0.0,0.0,0.0,0.0,0.0,0
DroidKungFu472.apk,0.0,37.0,0.0,0.0,0.0,0.0,0.0,0.0,0
DroidKungFu473.apk,0.0,37.0,0.0,0.0,0.0,0.0,0.0,0.0,0
DroidKungFu474.apk,0.0,37.0,0.0,0.0,0.0,0.0,0.0,0.0,0
DroidKungFu475.apk,0.3684,49.5294,12.5294,0.0,0.0,0.0,0.0,5.2941,16
DroidKungFu476.apk,0.0,37.0,0.0,0.0,0.0,0.0,0.0,0.0,0
DroidKungFu477.apk,0.0,37.0,0.0,0.0,0.0,0.0,0.0,0.0,0
DroidKungFu478.apk,0.0,37.0,0.0,0.0,0.0,0.0,0.0,0.0,0
DroidKungFu479.apk,0.0,37.0,0.0,0.0,0.0,0.0,0.0,0.0,0
DroidKungFu48.apk,0.0,37.0,0.0,0.0,0.0,0.0,0.0,0.0,0
DroidKungFu480.apk,0.0,37.0,0.0,0.0,0.0,0.0,0.0,0.0,0
DroidKungFu481.apk,0.0,37.0,0.0,0.0,0.0,0.0,0.0,0.0,0
DroidKungFu482.apk,0.0,37.0,0.0,0.0,0.0,0.0,0.0,0.0,0
DroidKungFu483.apk,0.0,37.0,0.0,0.0,0.0,0.0,0.0,0.0,0
DroidKungFu484.apk,0.0,37.0,0.0,0.0,0.0,0.0,0.0,0.0,0
DroidKungFu485.apk,0.3684,49.5294,12.5294,0.0,0.0,0.0,0.0,5.2941,16
DroidKungFu486.apk,0.0,37.0,0.0,0.0,0.0,0.0,0.0,0.0,0
DroidKungFu487.apk,0.0,37.0,0.0,0.0,0.0,0.0,0.0,0.0,0
DroidKungFu488.apk,0.0,37.0,0.0,0.0,0.0,0.0,0.0,0.0,0
DroidKungFu489.apk,0.0,37.0,0.0,0.0,0.0,0.0,0.0,0.0,0
DroidKungFu49.apk,0.0,37.0,0.0,0.0,0.0,0.0,0.0,0.0,0
DroidKungFu490.apk,0.0,37.0,0.0,0.0,0.0,0.0,0.0,0.0,0
DroidKungFu491.apk,0.0,37.0,0.0,0.0,0.0,0.0,0.0,0.0,0
DroidKungFu492.apk,0.3684,49.5294,12.5294,0.0,0.0,0.0,0.0,5.2941,16
DroidKungFu493.apk,0.0,37.0,0.0,0.0,0.0,0.0,0.0,0.0,0
DroidKungFu494.apk,0.0,37.0,0.0,0.0,0.0,0.0,0.0,0.0,0
DroidKungFu495.apk,0.0,37.0,0.0,0.0,0.0,0.0,0.0,0.0,0
DroidKungFu496.apk,0.0,37.0,0.0,0.0,0.0,0.0,0.0,0.0,0
DroidKungFuUpdate1.apk,0.0,37.0,0.0,0.0,0.0,0.0,0.0,0.0,0
Endofday1.apk,0.3181,46.8333,9.8333,0.0,0.0,0.0,0.0,4.3333,11
FakePlayer3.apk,0.0,37.0,0.0,0.0,0.0,0.0,0.0,0.0,0
GGTracker1.apk,0.0,37.0,0.0,0.0,0.0,0.0,0.0,0.0,0
GamblerSMS1.apk,0.0,37.0,0.0,0.0,0.0,0.0,0.0,0.0,0
Geinimi1.apk,0.0,37.0,0.0,0.0,0.0,0.0,0.0,0.0,0
Geinimi10.apk,0.0,37.0,0.0,0.0,0.0,0.0,0.0,0.0,0
Geinimi11.apk,0.0,37.0,0.0,0.0,0.0,0.0,0.0,0.0,0
Geinimi12.apk,0.0,37.0,0.0,0.0,0.0,0.0,0.0,0.0,0
Geinimi13.apk,0.0,37.0,0.0,0.0,0.0,0.0,0.0,0.0,0
Geinimi14.apk,0.0,37.0,0.0,0.0,0.0,0.0,0.0,0.0,0
Geinimi15.apk,0.0,37.0,0.0,0.0,0.0,0.0,0.0,0.0,0
Geinimi16.apk,0.0,37.0,0.0,0.0,0.0,0.0,0.0,0.0,0
Geinimi17.apk,0.0,37.0,0.0,0.0,0.0,0.0,0.0,0.0,0
Geinimi18.apk,0.0,37.0,0.0,0.0,0.0,0.0,0.0,0.0,0
Geinimi19.apk,0.0,37.0,0.0,0.0,0.0,0.0,0.0,0.0,0
Geinimi2.apk,0.0,37.0,0.0,0.0,0.0,0.0,0.0,0.0,0
Geinimi20.apk,0.3684,49.5294,12.5294,0.0,0.0,0.0,0.0,5.2941,16
Geinimi21.apk,0.0,37.0,0.0,0.0,0.0,0.0,0.0,0.0,0
Geinimi22.apk,0.0,37.0,0.0,0.0,0.0,0.0,0.0,0.0,0
Geinimi23.apk,0.0,37.0,0.0,0.0,0.0,0.0,0.0,0.0,0
Geinimi24.apk,0.0,37.0,0.0,0.0,0.0,0.0,0.0,0.0,0
Geinimi25.apk,0.0,37.0,0.0,0.0,0.0,0.0,0.0,0.0,0
Geinimi26.apk,0.0,37.0,0.0,0.0,0.0,0.0,0.0,0.0,0
Geinimi27.apk,0.0,37.0,0.0,0.0,0.0,0.0,0.0,0.0,0
Geinimi28.apk,0.0,37.0,0.0,0.0,0.0,0.0,0.0,0.0,0
Geinimi29.apk,0.0,37.0,0.0,0.0,0.0,0.0,0.0,0.0,0
Geinimi3.apk,0.0,37.0,0.0,0.0,0.0,0.0,0.0,0.0,0
Geinimi30.apk,0.0,37.0,0.0,0.0,0.0,0.0,0.0,0.0,0
Geinimi31.apk,0.0,37.0,0.0,0.0,0.0,0.0,0.0,0.0,0
Geinimi32.apk,0.0,37.0,0.0,0.0,0.0,0.0,0.0,0.0,0
Geinimi33.apk,0.3684,49.5294,12.5294,0.0,0.0,0.0,0.0,5.2941,16
Geinimi34.apk,0.0,37.0,0.0,0.0,0.0,0.0,0.0,0.0,0
Geinimi35.apk,0.0,37.0,0.0,0.0,0.0,0.0,0.0,0.0,0
Geinimi36.apk,0.3181,46.8333,9.8333,0.0,0.0,0.0,0.0,4.3333,11
Geinimi37.apk,0.0,37.0,0.0,0.0,0.0,0.0,0.0,0.0,0
Geinimi38.apk,0.0,37.0,0.0,0.0,0.0,0.0,0.0,0.0,0
Geinimi39.apk,0.0,37.0,0.0,0.0,0.0,0.0,0.0,0.0,0
Geinimi4.apk,0.0,37.0,0.0,0.0,0.0,0.0,0.0,0.0,0
Geinimi40.apk,0.0,37.0,0.0,0.0,0.0,0.0,0.0,0.0,0
Geinimi41.apk,0.0,37.0,0.0,0.0,0.0,0.0,0.0,0.0,0
Geinimi42.apk,0.0,37.0,0.0,0.0,0.0,0.0,0.0,0.0,0
Geinimi43.apk,0.0,37.0,0.0,0.0,0.0,0.0,0.0,0.0,0
Geinimi44.apk,0.0,37.0,0.0,0.0,0.0,0.0,0.0,0.0,0
Geinimi45.apk,0.0,37.0,0.0,0.0,0.0,0.0,0.0,0.0,0
Geinimi46.apk,0.0,37.0,0.0,0.0,0.0,0.0,0.0,0.0,0
Geinimi47.apk,0.0,37.0,0.0,0.0,0.0,0.0,0.0,0.0,0
Geinimi48.apk,0.0,37.0,0.0,0.0,0.0,0.0,0.0,0.0,0
Geinimi49.apk,0.0,37.0,0.0,0.0,0.0,0.0,0.0,0.0,0
Geinimi5.apk,0.0,37.0,0.0,0.0,0.0,0.0,0.0,0.0,0
Geinimi50.apk,0.0,37.0,0.0,0.0,0.0,0.0,0.0,0.0,0
Geinimi51.apk,0.0,37.0,0.0,0.0,0.0,0.0,0.0,0.0,0
Geinimi52.apk,0.0,37.0,0.0,0.0,0.0,0.0,0.0,0.0,0
Geinimi53.apk,0.0,37.0,0.0,0.0,0.0,0.0,0.0,0.0,0
Geinimi54.apk,0.0,37.0,0.0,0.0,0.0,0.0,0.0,0.0,0
Geinimi55.apk,0.0,37.0,0.0,0.0,0.0,0.0,0.0,0.0,0
Geinimi56.apk,0.0,37.0,0.0,0.0,0.0,0.0,0.0,0.0,0
Geinimi57.apk,0.0,37.0,0.0,0.0,0.0,0.0,0.0,0.0,0
Geinimi58.apk,0.3684,49.5294,12.5294,0.0,0.0,0.0,0.0,5.2941,16
Geinimi59.apk,0.0,37.0,0.0,0.0,0.0,0.0,0.0,0.0,0
Geinimi6.apk,0.0,37.0,0.0,0.0,0.0,0.0,0.0,0.0,0
Geinimi60.apk,0.3684,49.5294,12.5294,0.0,0.0,0.0,0.0,5.2941,16
Geinimi61.apk,0.0,37.0,0.0,0.0,0.0,0.0,0.0,0.0,0
Geinimi62.apk,0.0,37.0,0.0,0.0,0.0,0.0,0.0,0.0,0
Geinimi63.apk,0.0,37.0,0.0,0.0,0.0,0.0,0.0,0.0,0
Geinimi64.apk,0.0,37.0,0.0,0.0,0.0,0.0,0.0,0.0,0
Geinimi65.apk,0.3818,49.3654,12.3654,0.0,0.0,0.0,0.0,5.0385,51
Geinimi66.apk,0.0,37.0,0.0,0.0,0.0,0.0,0.0,0.0,0
Geinimi67.apk,0.0,37.0,0.0,0.0,0.0,0.0,0.0,0.0,0
Geinimi68.apk,0.2217,41.6,4.6,0.0,0.0,0.0,0.0,0.5111,44
Geinimi69.apk,0.0,37.0,0.0,0.0,0.0,0.0,0.0,0.0,0
Geinimi7.apk,0.0,37.0,0.0,0.0,0.0,0.0,0.0,0.0,0
Geinimi8.apk,0.0,37.0,0.0,0.0,0.0,0.0,0.0,0.0,0
Geinimi9.apk,0.0,37.0,0.0,0.0,0.0,0.0,0.0,0.0,0
GingerMaster1.apk,0.0,37.0,0.0,0.0,0.0,0.0,0.0,0.0,0
GingerMaster2.apk,0.0,37.0,0.0,0.0,0.0,0.0,0.0,0.0,0
GingerMaster3.apk,0.0,37.0,0.0,0.0,0.0,0.0,0.0,0.0,0
GingerMaster4.apk,0.0,37.0,0.0,0.0,0.0,0.0,0.0,0.0,0
GoldDream1.apk,0.0,37.0,0.0,0.0,0.0,0.0,0.0,0.0,0
GoldDream10.apk,0.0,37.0,0.0,0.0,0.0,0.0,0.0,0.0,0
GoldDream11.apk,0.0,37.0,0.0,0.0,0.0,0.0,0.0,0.0,0
GoldDream12.apk,0.0,37.0,0.0,0.0,0.0,0.0,0.0,0.0,0
GoldDream13.apk,0.0,37.0,0.0,0.0,0.0,0.0,0.0,0.0,0
GoldDream14.apk,0.0,37.0,0.0,0.0,0.0,0.0,0.0,0.0,0
GoldDream15.apk,0.0,37.0,0.0,0.0,0.0,0.0,0.0,0.0,0
GoldDream16.apk,0.0,37.0,0.0,0.0,0.0,0.0,0.0,0.0,0
GoldDream17.apk,0.0,37.0,0.0,0.0,0.0,0.0,0.0,0.0,0
GoldDream18.apk,0.0,37.0,0.0,0.0,0.0,0.0,0.0,0.0,0
GoldDream19.apk,0.0,37.0,0.0,0.0,0.0,0.0,0.0,0.0,0
GoldDream2.apk,0.0,37.0,0.0,0.0,0.0,0.0,0.0,0.0,0
GoldDream20.apk,0.0,37.0,0.0,0.0,0.0,0.0,0.0,0.0,0
GoldDream21.apk,0.0,37.0,0.0,0.0,0.0,0.0,0.0,0.0,0
GoldDream22.apk,0.0,37.0,0.0,0.0,0.0,0.0,0.0,0.0,0
GoldDream23.apk,0.0,37.0,0.0,0.0,0.0,0.0,0.0,0.0,0
GoldDream24.apk,0.0,37.0,0.0,0.0,0.0,0.0,0.0,0.0,0
GoldDream25.apk,0.0,37.0,0.0,0.0,0.0,0.0,0.0,0.0,0
GoldDream26.apk,0.0,37.0,0.0,0.0,0.0,0.0,0.0,0.0,0
GoldDream27.apk,0.0,37.0,0.0,0.0,0.0,0.0,0.0,0.0,0
GoldDream28.apk,0.0,37.0,0.0,0.0,0.0,0.0,0.0,0.0,0
GoldDream29.apk,0.0,37.0,0.0,0.0,0.0,0.0,0.0,0.0,0
GoldDream3.apk,0.0,37.0,0.0,0.0,0.0,0.0,0.0,0.0,0
GoldDream30.apk,0.0,37.0,0.0,0.0,0.0,0.0,0.0,0.0,0
GoldDream31.apk,0.0,37.0,0.0,0.0,0.0,0.0,0.0,0.0,0
GoldDream32.apk,0.0,37.0,0.0,0.0,0.0,0.0,0.0,0.0,0
GoldDream33.apk,0.0,37.0,0.0,0.0,0.0,0.0,0.0,0.0,0
GoldDream34.apk,0.0,37.0,0.0,0.0,0.0,0.0,0.0,0.0,0
GoldDream35.apk,0.0,37.0,0.0,0.0,0.0,0.0,0.0,0.0,0
GoldDream36.apk,0.0,37.0,0.0,0.0,0.0,0.0,0.0,0.0,0
GoldDream37.apk,0.0,37.0,0.0,0.0,0.0,0.0,0.0,0.0,0
GoldDream38.apk,0.0,37.0,0.0,0.0,0.0,0.0,0.0,0.0,0
GoldDream39.apk,0.0,37.0,0.0,0.0,0.0,0.0,0.0,0.0,0
GoldDream4.apk,0.0,37.0,0.0,0.0,0.0,0.0,0.0,0.0,0
GoldDream40.apk,0.0,37.0,0.0,0.0,0.0,0.0,0.0,0.0,0
GoldDream41.apk,0.0,37.0,0.0,0.0,0.0,0.0,0.0,0.0,0
GoldDream42.apk,0.0,37.0,0.0,0.0,0.0,0.0,0.0,0.0,0
GoldDream43.apk,0.0,37.0,0.0,0.0,0.0,0.0,0.0,0.0,0
GoldDream44.apk,0.0,37.0,0.0,0.0,0.0,0.0,0.0,0.0,0
GoldDream45.apk,0.0,37.0,0.0,0.0,0.0,0.0,0.0,0.0,0
GoldDream46.apk,0.0,37.0,0.0,0.0,0.0,0.0,0.0,0.0,0
GoldDream47.apk,0.0,37.0,0.0,0.0,0.0,0.0,0.0,0.0,0
GoldDream5.apk,0.0,37.0,0.0,0.0,0.0,0.0,0.0,0.0,0
GoldDream6.apk,0.0,37.0,0.0,0.0,0.0,0.0,0.0,0.0,0
GoldDream7.apk,0.0,37.0,0.0,0.0,0.0,0.0,0.0,0.0,0
GoldDream8.apk,0.0,37.0,0.0,0.0,0.0,0.0,0.0,0.0,0
GoldDream9.apk,0.0,37.0,0.0,0.0,0.0,0.0,0.0,0.0,0
Gone601.apk,0.0,37.0,0.0,0.0,0.0,0.0,0.0,0.0,0
Gone602.apk,0.0,37.0,0.0,0.0,0.0,0.0,0.0,0.0,0
Gone603.apk,0.0,37.0,0.0,0.0,0.0,0.0,0.0,0.0,0
Gone604.apk,0.0,37.0,0.0,0.0,0.0,0.0,0.0,0.0,0
Gone605.apk,0.0,37.0,0.0,0.0,0.0,0.0,0.0,0.0,0
Gone606.apk,0.0,37.0,0.0,0.0,0.0,0.0,0.0,0.0,0
Gone607.apk,0.0,37.0,0.0,0.0,0.0,0.0,0.0,0.0,0
Gone608.apk,0.0,37.0,0.0,0.0,0.0,0.0,0.0,0.0,0
Gone609.apk,0.0,37.0,0.0,0.0,0.0,0.0,0.0,0.0,0
HippoSMS1.apk,0.0,37.0,0.0,0.0,0.0,0.0,0.0,0.0,0
HippoSMS2.apk,0.0,37.0,0.0,0.0,0.0,0.0,0.0,0.0,0
HippoSMS3.apk,0.0,37.0,0.0,0.0,0.0,0.0,0.0,0.0,0
HippoSMS4.apk,0.0,37.0,0.0,0.0,0.0,0.0,0.0,0.0,0
Jifake1.apk,0.0,37.0,0.0,0.0,0.0,0.0,0.0,0.0,0
KMin1.apk,0.0,37.0,0.0,0.0,0.0,0.0,0.0,0.0,0
KMin10.apk,0.0,37.0,0.0,0.0,0.0,0.0,0.0,0.0,0
KMin11.apk,0.0,37.0,0.0,0.0,0.0,0.0,0.0,0.0,0
KMin12.apk,0.0,37.0,0.0,0.0,0.0,0.0,0.0,0.0,0
KMin13.apk,0.0,37.0,0.0,0.0,0.0,0.0,0.0,0.0,0
KMin14.apk,0.0,37.0,0.0,0.0,0.0,0.0,0.0,0.0,0
KMin15.apk,0.0,37.0,0.0,0.0,0.0,0.0,0.0,0.0,0
KMin16.apk,0.0,37.0,0.0,0.0,0.0,0.0,0.0,0.0,0
KMin17.apk,0.0,37.0,0.0,0.0,0.0,0.0,0.0,0.0,0
KMin18.apk,0.0,37.0,0.0,0.0,0.0,0.0,0.0,0.0,0
KMin19.apk,0.0,37.0,0.0,0.0,0.0,0.0,0.0,0.0,0
KMin2.apk,0.0,37.0,0.0,0.0,0.0,0.0,0.0,0.0,0
KMin20.apk,0.0,37.0,0.0,0.0,0.0,0.0,0.0,0.0,0
KMin21.apk,0.0,37.0,0.0,0.0,0.0,0.0,0.0,0.0,0
KMin22.apk,0.0,37.0,0.0,0.0,0.0,0.0,0.0,0.0,0
KMin23.apk,0.0,37.0,0.0,0.0,0.0,0.0,0.0,0.0,0
KMin24.apk,0.0,37.0,0.0,0.0,0.0,0.0,0.0,0.0,0
KMin25.apk,0.0,37.0,0.0,0.0,0.0,0.0,0.0,0.0,0
KMin26.apk,0.0,37.0,0.0,0.0,0.0,0.0,0.0,0.0,0
KMin27.apk,0.0,37.0,0.0,0.0,0.0,0.0,0.0,0.0,0
KMin28.apk,0.0,37.0,0.0,0.0,0.0,0.0,0.0,0.0,0
KMin29.apk,0.0,37.0,0.0,0.0,0.0,0.0,0.0,0.0,0
KMin3.apk,0.0,37.0,0.0,0.0,0.0,0.0,0.0,0.0,0
KMin30.apk,0.0,37.0,0.0,0.0,0.0,0.0,0.0,0.0,0
KMin31.apk,0.0,37.0,0.0,0.0,0.0,0.0,0.0,0.0,0
KMin32.apk,0.0,37.0,0.0,0.0,0.0,0.0,0.0,0.0,0
KMin33.apk,0.0,37.0,0.0,0.0,0.0,0.0,0.0,0.0,0
KMin34.apk,0.0,37.0,0.0,0.0,0.0,0.0,0.0,0.0,0
KMin35.apk,0.0,37.0,0.0,0.0,0.0,0.0,0.0,0.0,0
KMin36.apk,0.0,37.0,0.0,0.0,0.0,0.0,0.0,0.0,0
KMin37.apk,0.0,37.0,0.0,0.0,0.0,0.0,0.0,0.0,0
KMin38.apk,0.0,37.0,0.0,0.0,0.0,0.0,0.0,0.0,0
KMin39.apk,0.0,37.0,0.0,0.0,0.0,0.0,0.0,0.0,0
KMin4.apk,0.0,37.0,0.0,0.0,0.0,0.0,0.0,0.0,0
KMin40.apk,0.0,37.0,0.0,0.0,0.0,0.0,0.0,0.0,0
KMin41.apk,0.0,37.0,0.0,0.0,0.0,0.0,0.0,0.0,0
KMin42.apk,0.0,37.0,0.0,0.0,0.0,0.0,0.0,0.0,0
KMin43.apk,0.0,37.0,0.0,0.0,0.0,0.0,0.0,0.0,0
KMin44.apk,0.0,37.0,0.0,0.0,0.0,0.0,0.0,0.0,0
KMin45.apk,0.0,37.0,0.0,0.0,0.0,0.0,0.0,0.0,0
KMin46.apk,0.0,37.0,0.0,0.0,0.0,0.0,0.0,0.0,0
KMin47.apk,0.0,37.0,0.0,0.0,0.0,0.0,0.0,0.0,0
KMin48.apk,0.0,37.0,0.0,0.0,0.0,0.0,0.0,0.0,0
KMin49.apk,0.0,37.0,0.0,0.0,0.0,0.0,0.0,0.0,0
KMin5.apk,0.0,37.0,0.0,0.0,0.0,0.0,0.0,0.0,0
KMin50.apk,0.0,37.0,0.0,0.0,0.0,0.0,0.0,0.0,0
KMin51.apk,0.0,37.0,0.0,0.0,0.0,0.0,0.0,0.0,0
KMin52.apk,0.0,37.0,0.0,0.0,0.0,0.0,0.0,0.0,0
KMin6.apk,0.0,37.0,0.0,0.0,0.0,0.0,0.0,0.0,0
KMin7.apk,0.0,37.0,0.0,0.0,0.0,0.0,0.0,0.0,0
KMin8.apk,0.0,37.0,0.0,0.0,0.0,0.0,0.0,0.0,0
KMin9.apk,0.0,37.0,0.0,0.0,0.0,0.0,0.0,0.0,0
LoveTrap1.apk,0.0,37.0,0.0,0.0,0.0,0.0,0.0,0.0,0
NickyBot1.apk,0.2656,49.0,12.0,0.2,0.6,0.4,0.0,7.0,4
NickySpy1.apk,0.0,37.0,0.0,0.0,0.0,0.0,0.0,0.0,0
NickySpy2.apk,0.0,37.0,0.0,0.0,0.0,0.0,0.0,0.0,0
Pjapps1.apk,0.0,37.0,0.0,0.0,0.0,0.0,0.0,0.0,0
Pjapps10.apk,0.0,37.0,0.0,0.0,0.0,0.0,0.0,0.0,0
Pjapps11.apk,0.0,37.0,0.0,0.0,0.0,0.0,0.0,0.0,0
Pjapps12.apk,0.0,37.0,0.0,0.0,0.0,0.0,0.0,0.0,0
Pjapps13.apk,0.0,37.0,0.0,0.0,0.0,0.0,0.0,0.0,0
Pjapps14.apk,0.0,37.0,0.0,0.0,0.0,0.0,0.0,0.0,0
Pjapps15.apk,0.0,37.0,0.0,0.0,0.0,0.0,0.0,0.0,0
Pjapps16.apk,0.362,52.8655,15.8655,0.0311,0.2516,0.147,0.0143,9.2546,1672
Pjapps17.apk,0.0,37.0,0.0,0.0,0.0,0.0,0.0,0.0,0
Pjapps18.apk,0.4645,76.9905,39.9905,0.0,0.0381,0.0,0.0,32.0476,104
Pjapps19.apk,0.0,37.0,0.0,0.0,0.0,0.0,0.0,0.0,0
Pjapps2.apk,0.0,37.0,0.0,0.0,0.0,0.0,0.0,0.0,0
Pjapps20.apk,0.0,37.0,0.0,0.0,0.0,0.0,0.0,0.0,0
Pjapps21.apk,0.0,37.0,0.0,0.0,0.0,0.0,0.0,0.0,0
Pjapps22.apk,0.0,37.0,0.0,0.0,0.0,0.0,0.0,0.0,0
Pjapps23.apk,0.0,37.0,0.0,0.0,0.0,0.0,0.0,0.0,0
Pjapps24.apk,0.0,37.0,0.0,0.0,0.0,0.0,0.0,0.0,0
Pjapps25.apk,0.0,37.0,0.0,0.0,0.0,0.0,0.0,0.0,0
Pjapps26.apk,0.0,37.0,0.0,0.0,0.0,0.0,0.0,0.0,0
Pjapps27.apk,0.0,37.0,0.0,0.0,0.0,0.0,0.0,0.0,0
Pjapps28.apk,0.0,37.0,0.0,0.0,0.0,0.0,0.0,0.0,0
Pjapps29.apk,0.0,37.0,0.0,0.0,0.0,0.0,0.0,0.0,0
Pjapps3.apk,0.0,37.0,0.0,0.0,0.0,0.0,0.0,0.0,0
Pjapps30.apk,0.0,37.0,0.0,0.0,0.0,0.0,0.0,0.0,0
Pjapps31.apk,0.0,37.0,0.0,0.0,0.0,0.0,0.0,0.0,0
Pjapps32.apk,0.0,37.0,0.0,0.0,0.0,0.0,0.0,0.0,0
Pjapps33.apk,0.0,37.0,0.0,0.0,0.0,0.0,0.0,0.0,0
Pjapps34.apk,0.0,37.0,0.0,0.0,0.0,0.0,0.0,0.0,0
Pjapps35.apk,0.0,37.0,0.0,0.0,0.0,0.0,0.0,0.0,0
Pjapps36.apk,0.0,37.0,0.0,0.0,0.0,0.0,0.0,0.0,0
Pjapps37.apk,0.0,37.0,0.0,0.0,0.0,0.0,0.0,0.0,0
Pjapps38.apk,0.0,37.0,0.0,0.0,0.0,0.0,0.0,0.0,0
Pjapps39.apk,0.0,37.0,0.0,0.0,0.0,0.0,0.0,0.0,0
Pjapps4.apk,0.0,37.0,0.0,0.0,0.0,0.0,0.0,0.0,0
Pjapps40.apk,0.0,37.0,0.0,0.0,0.0,0.0,0.0,0.0,0
Pjapps41.apk,0.2656,49.0,12.0,0.2,0.6,0.4,0.0,7.0,4
Pjapps42.apk,0.0,37.0,0.0,0.0,0.0,0.0,0.0,0.0,0
Pjapps43.apk,0.0,37.0,0.0,0.0,0.0,0.0,0.0,0.0,0
Pjapps44.apk,0.0,37.0,0.0,0.0,0.0,0.0,0.0,0.0,0
Pjapps45.apk,0.0,37.0,0.0,0.0,0.0,0.0,0.0,0.0,0
Pjapps46.apk,0.0,37.0,0.0,0.0,0.0,0.0,0.0,0.0,0
Pjapps47.apk,0.3304,47.125,10.125,0.0,0.0,0.0,0.0,3.75,31
Pjapps48.apk,0.0,37.0,0.0,0.0,0.0,0.0,0.0,0.0,0
Pjapps49.apk,0.0,37.0,0.0,0.0,0.0,0.0,0.0,0.0,0
Pjapps5.apk,0.0,37.0,0.0,0.0,0.0,0.0,0.0,0.0,0
Pjapps50.apk,0.0,37.0,0.0,0.0,0.0,0.0,0.0,0.0,0
Pjapps51.apk,0.0,37.0,0.0,0.0,0.0,0.0,0.0,0.0,0
Pjapps52.apk,0.0,37.0,0.0,0.0,0.0,0.0,0.0,0.0,0
Pjapps53.apk,0.0,37.0,0.0,0.0,0.0,0.0,0.0,0.0,0
Pjapps54.apk,0.0,37.0,0.0,0.0,0.0,0.0,0.0,0.0,0
Pjapps55.apk,0.0,37.0,0.0,0.0,0.0,0.0,0.0,0.0,0
Pjapps56.apk,0.0,37.0,0.0,0.0,0.0,0.0,0.0,0.0,0
Pjapps57.apk,0.0,37.0,0.0,0.0,0.0,0.0,0.0,0.0,0
Pjapps58.apk,0.0,37.0,0.0,0.0,0.0,0.0,0.0,0.0,0
Pjapps6.apk,0.0,37.0,0.0,0.0,0.0,0.0,0.0,0.0,0
Pjapps7.apk,0.0,37.0,0.0,0.0,0.0,0.0,0.0,0.0,0
Pjapps8.apk,0.0,37.0,0.0,0.0,0.0,0.0,0.0,0.0,0
Pjapps9.apk,0.0,37.0,0.0,0.0,0.0,0.0,0.0,0.0,0
Plankton1.apk,0.0,37.0,0.0,0.0,0.0,0.0,0.0,0.0,0
Plankton10.apk,0.0,37.0,0.0,0.0,0.0,0.0,0.0,0.0,0
Plankton11.apk,0.0,37.0,0.0,0.0,0.0,0.0,0.0,0.0,0
Plankton2.apk,0.0,37.0,0.0,0.0,0.0,0.0,0.0,0.0,0
Plankton3.apk,0.0,37.0,0.0,0.0,0.0,0.0,0.0,0.0,0
Plankton4.apk,0.0,37.0,0.0,0.0,0.0,0.0,0.0,0.0,0
Plankton5.apk,0.3684,49.5294,12.5294,0.0,0.0,0.0,0.0,5.2941,16
Plankton6.apk,0.0,37.0,0.0,0.0,0.0,0.0,0.0,0.0,0
Plankton7.apk,0.0,37.0,0.0,0.0,0.0,0.0,0.0,0.0,0
Plankton8.apk,0.0,37.0,0.0,0.0,0.0,0.0,0.0,0.0,0
Plankton9.apk,0.0,37.0,0.0,0.0,0.0,0.0,0.0,0.0,0
RogueLemon1.apk,0.0,37.0,0.0,0.0,0.0,0.0,0.0,0.0,0
RogueLemon2.apk,0.0,37.0,0.0,0.0,0.0,0.0,0.0,0.0,0
RogueSPPush1.apk,0.0,37.0,0.0,0.0,0.0,0.0,0.0,0.0,0
RogueSPPush2.apk,0.0,37.0,0.0,0.0,0.0,0.0,0.0,0.0,0
RogueSPPush3.apk,0.0,37.0,0.0,0.0,0.0,0.0,0.0,0.0,0
RogueSPPush4.apk,0.0,37.0,0.0,0.0,0.0,0.0,0.0,0.0,0
RogueSPPush5.apk,0.0,37.0,0.0,0.0,0.0,0.0,0.0,0.0,0
RogueSPPush6.apk,0.0,37.0,0.0,0.0,0.0,0.0,0.0,0.0,0
RogueSPPush7.apk,0.0,37.0,0.0,0.0,0.0,0.0,0.0,0.0,0
RogueSPPush8.apk,0.0,37.0,0.0,0.0,0.0,0.0,0.0,0.0,0
RogueSPPush9.apk,0.0,37.0,0.0,0.0,0.0,0.0,0.0,0.0,0
SMSReplicator1.apk,0.0,37.0,0.0,0.0,0.0,0.0,0.0,0.0,0
SndApps1.apk,0.0,37.0,0.0,0.0,0.0,0.0,0.0,0.0,0
SndApps10.apk,0.0,37.0,0.0,0.0,0.0,0.0,0.0,0.0,0
SndApps2.apk,0.0,37.0,0.0,0.0,0.0,0.0,0.0,0.0,0
SndApps3.apk,0.0,37.0,0.0,0.0,0.0,0.0,0.0,0.0,0
SndApps4.apk,0.0,37.0,0.0,0.0,0.0,0.0,0.0,0.0,0
SndApps5.apk,0.0,37.0,0.0,0.0,0.0,0.0,0.0,0.0,0
SndApps6.apk,0.0,37.0,0.0,0.0,0.0,0.0,0.0,0.0,0
SndApps7.apk,0.0,37.0,0.0,0.0,0.0,0.0,0.0,0.0,0
SndApps8.apk,0.0,37.0,0.0,0.0,0.0,0.0,0.0,0.0,0
SndApps9.apk,0.0,37.0,0.0,0.0,0.0,0.0,0.0,0.0,0
Tapsnake1.apk,0.0,37.0,0.0,0.0,0.0,0.0,0.0,0.0,0
Tapsnake2.apk,0.0,37.0,0.0,0.0,0.0,0.0,0.0,0.0,0
YZHC1.apk,0.0,37.0,0.0,0.0,0.0,0.0,0.0,0.0,0
YZHC10.apk,0.0,37.0,0.0,0.0,0.0,0.0,0.0,0.0,0
YZHC11.apk,0.0,37.0,0.0,0.0,0.0,0.0,0.0,0.0,0
YZHC12.apk,0.0,37.0,0.0,0.0,0.0,0.0,0.0,0.0,0
YZHC13.apk,0.0,37.0,0.0,0.0,0.0,0.0,0.0,0.0,0
YZHC14.apk,0.0,37.0,0.0,0.0,0.0,0.0,0.0,0.0,0
YZHC15.apk,0.0,37.0,0.0,0.0,0.0,0.0,0.0,0.0,0
YZHC16.apk,0.0,37.0,0.0,0.0,0.0,0.0,0.0,0.0,0
YZHC17.apk,0.0,37.0,0.0,0.0,0.0,0.0,0.0,0.0,0
YZHC18.apk,0.0,37.0,0.0,0.0,0.0,0.0,0.0,0.0,0
YZHC19.apk,0.0,37.0,0.0,0.0,0.0,0.0,0.0,0.0,0
YZHC2.apk,0.0,37.0,0.0,0.0,0.0,0.0,0.0,0.0,0
YZHC20.apk,0.0,37.0,0.0,0.0,0.0,0.0,0.0,0.0,0
YZHC21.apk,0.0,37.0,0.0,0.0,0.0,0.0,0.0,0.0,0
YZHC22.apk,0.0,37.0,0.0,0.0,0.0,0.0,0.0,0.0,0
YZHC3.apk,0.0,37.0,0.0,0.0,0.0,0.0,0.0,0.0,0
YZHC4.apk,0.0,37.0,0.0,0.0,0.0,0.0,0.0,0.0,0
YZHC5.apk,0.0,37.0,0.0,0.0,0.0,0.0,0.0,0.0,0
YZHC6.apk,0.0,37.0,0.0,0.0,0.0,0.0,0.0,0.0,0
YZHC7.apk,0.0,37.0,0.0,0.0,0.0,0.0,0.0,0.0,0
YZHC8.apk,0.0,37.0,0.0,0.0,0.0,0.0,0.0,0.0,0
YZHC9.apk,0.0,37.0,0.0,0.0,0.0,0.0,0.0,0.0,0
ZZContagio1.apk,0.0,37.0,0.0,0.0,0.0,0.0,0.0,0.0,0
ZZContagio10.apk,0.0,37.0,0.0,0.0,0.0,0.0,0.0,0.0,0
ZZContagio100.apk,0.0,37.0,0.0,0.0,0.0,0.0,0.0,0.0,0
ZZContagio101.apk,0.0,37.0,0.0,0.0,0.0,0.0,0.0,0.0,0
ZZContagio102.apk,0.0,37.0,0.0,0.0,0.0,0.0,0.0,0.0,0
ZZContagio103.apk,0.0,37.0,0.0,0.0,0.0,0.0,0.0,0.0,0
ZZContagio104.apk,0.0,37.0,0.0,0.0,0.0,0.0,0.0,0.0,0
ZZContagio105.apk,0.0,37.0,0.0,0.0,0.0,0.0,0.0,0.0,0
ZZContagio106.apk,0.0,37.0,0.0,0.0,0.0,0.0,0.0,0.0,0
ZZContagio107.apk,0.0,37.0,0.0,0.0,0.0,0.0,0.0,0.0,0
ZZContagio108.apk,0.0,37.0,0.0,0.0,0.0,0.0,0.0,0.0,0
ZZContagio109.apk,0.0,37.0,0.0,0.0,0.0,0.0,0.0,0.0,0
ZZContagio11.apk,0.0,37.0,0.0,0.0,0.0,0.0,0.0,0.0,0
ZZContagio110.apk,0.0,37.0,0.0,0.0,0.0,0.0,0.0,0.0,0
ZZContagio111.apk,0.0,37.0,0.0,0.0,0.0,0.0,0.0,0.0,0
ZZContagio112.apk,0.0,37.0,0.0,0.0,0.0,0.0,0.0,0.0,0
ZZContagio113.apk,0.0,37.0,0.0,0.0,0.0,0.0,0.0,0.0,0
ZZContagio114.apk,0.0,37.0,0.0,0.0,0.0,0.0,0.0,0.0,0
ZZContagio115.apk,0.0,37.0,0.0,0.0,0.0,0.0,0.0,0.0,0
ZZContagio116.apk,0.0,37.0,0.0,0.0,0.0,0.0,0.0,0.0,0
ZZContagio117.apk,0.0,37.0,0.0,0.0,0.0,0.0,0.0,0.0,0
ZZContagio118.apk,0.0,37.0,0.0,0.0,0.0,0.0,0.0,0.0,0
ZZContagio119.apk,0.0,37.0,0.0,0.0,0.0,0.0,0.0,0.0,0
ZZContagio12.apk,0.0,37.0,0.0,0.0,0.0,0.0,0.0,0.0,0
ZZContagio120.apk,0.0,37.0,0.0,0.0,0.0,0.0,0.0,0.0,0
ZZContagio121.apk,0.0,37.0,0.0,0.0,0.0,0.0,0.0,0.0,0
ZZContagio122.apk,0.0,37.0,0.0,0.0,0.0,0.0,0.0,0.0,0
ZZContagio123.apk,0.0,37.0,0.0,0.0,0.0,0.0,0.0,0.0,0
ZZContagio124.apk,0.0,37.0,0.0,0.0,0.0,0.0,0.0,0.0,0
ZZContagio125.apk,0.0,37.0,0.0,0.0,0.0,0.0,0.0,0.0,0
ZZContagio126.apk,0.0,37.0,0.0,0.0,0.0,0.0,0.0,0.0,0
ZZContagio127.apk,0.0,37.0,0.0,0.0,0.0,0.0,0.0,0.0,0
ZZContagio128.apk,0.0,37.0,0.0,0.0,0.0,0.0,0.0,0.0,0
ZZContagio129.apk,0.3181,46.8333,9.8333,0.0,0.0,0.0,0.0,4.3333,11
ZZContagio13.apk,0.0,37.0,0.0,0.0,0.0,0.0,0.0,0.0,0
ZZContagio130.apk,0.0,37.0,0.0,0.0,0.0,0.0,0.0,0.0,0
ZZContagio131.apk,0.0,37.0,0.0,0.0,0.0,0.0,0.0,0.0,0
ZZContagio132.apk,0.0,37.0,0.0,0.0,0.0,0.0,0.0,0.0,0
ZZContagio133.apk,0.0,37.0,0.0,0.0,0.0,0.0,0.0,0.0,0
ZZContagio134.apk,0.0,37.0,0.0,0.0,0.0,0.0,0.0,0.0,0
ZZContagio135.apk,0.0,37.0,0.0,0.0,0.0,0.0,0.0,0.0,0
ZZContagio136.apk,0.0,37.0,0.0,0.0,0.0,0.0,0.0,0.0,0
ZZContagio137.apk,0.0,37.0,0.0,0.0,0.0,0.0,0.0,0.0,0
ZZContagio138.apk,0.0,37.0,0.0,0.0,0.0,0.0,0.0,0.0,0
ZZContagio139.apk,0.0,37.0,0.0,0.0,0.0,0.0,0.0,0.0,0
ZZContagio14.apk,0.0,37.0,0.0,0.0,0.0,0.0,0.0,0.0,0
ZZContagio140.apk,0.0,37.0,0.0,0.0,0.0,0.0,0.0,0.0,0
ZZContagio141.apk,0.0,37.0,0.0,0.0,0.0,0.0,0.0,0.0,0
ZZContagio142.apk,0.0,37.0,0.0,0.0,0.0,0.0,0.0,0.0,0
ZZContagio143.apk,0.0,37.0,0.0,0.0,0.0,0.0,0.0,0.0,0
ZZContagio144.apk,0.0,37.0,0.0,0.0,0.0,0.0,0.0,0.0,0
ZZContagio145.apk,0.0,37.0,0.0,0.0,0.0,0.0,0.0,0.0,0
ZZContagio146.apk,0.0,37.0,0.0,0.0,0.0,0.0,0.0,0.0,0
ZZContagio147.apk,0.0,37.0,0.0,0.0,0.0,0.0,0.0,0.0,0
ZZContagio148.apk,0.0,37.0,0.0,0.0,0.0,0.0,0.0,0.0,0
ZZContagio149.apk,0.0,37.0,0.0,0.0,0.0,0.0,0.0,0.0,0
ZZContagio15.apk,0.0,37.0,0.0,0.0,0.0,0.0,0.0,0.0,0
ZZContagio150.apk,0.0,37.0,0.0,0.0,0.0,0.0,0.0,0.0,0
ZZContagio151.apk,0.0,37.0,0.0,0.0,0.0,0.0,0.0,0.0,0
ZZContagio152.apk,0.0,37.0,0.0,0.0,0.0,0.0,0.0,0.0,0
ZZContagio153.apk,0.0,37.0,0.0,0.0,0.0,0.0,0.0,0.0,0
ZZContagio154.apk,0.0,37.0,0.0,0.0,0.0,0.0,0.0,0.0,0
ZZContagio155.apk,0.0,37.0,0.0,0.0,0.0,0.0,0.0,0.0,0
ZZContagio156.apk,0.0,37.0,0.0,0.0,0.0,0.0,0.0,0.0,0
ZZContagio157.apk,0.0,37.0,0.0,0.0,0.0,0.0,0.0,0.0,0
ZZContagio158.apk,0.0,37.0,0.0,0.0,0.0,0.0,0.0,0.0,0
ZZContagio159.apk,0.0,37.0,0.0,0.0,0.0,0.0,0.0,0.0,0
ZZContagio16.apk,0.0,37.0,0.0,0.0,0.0,0.0,0.0,0.0,0
ZZContagio160.apk,0.0,37.0,0.0,0.0,0.0,0.0,0.0,0.0,0
ZZContagio161.apk,0.0,37.0,0.0,0.0,0.0,0.0,0.0,0.0,0
ZZContagio162.apk,0.0,37.0,0.0,0.0,0.0,0.0,0.0,0.0,0
ZZContagio163.apk,0.0,37.0,0.0,0.0,0.0,0.0,0.0,0.0,0
ZZContagio164.apk,0.0,37.0,0.0,0.0,0.0,0.0,0.0,0.0,0
ZZContagio165.apk,0.0,37.0,0.0,0.0,0.0,0.0,0.0,0.0,0
ZZContagio166.apk,0.0,37.0,0.0,0.0,0.0,0.0,0.0,0.0,0
ZZContagio167.apk,0.0,37.0,0.0,0.0,0.0,0.0,0.0,0.0,0
ZZContagio168.apk,0.0,37.0,0.0,0.0,0.0,0.0,0.0,0.0,0
ZZContagio169.apk,0.0,37.0,0.0,0.0,0.0,0.0,0.0,0.0,0
ZZContagio17.apk,0.0,37.0,0.0,0.0,0.0,0.0,0.0,0.0,0
ZZContagio170.apk,0.0,37.0,0.0,0.0,0.0,0.0,0.0,0.0,0
ZZContagio171.apk,0.0,37.0,0.0,0.0,0.0,0.0,0.0,0.0,0
ZZContagio172.apk,0.0,37.0,0.0,0.0,0.0,0.0,0.0,0.0,0
ZZContagio173.apk,0.0,37.0,0.0,0.0,0.0,0.0,0.0,0.0,0
ZZContagio174.apk,0.0,37.0,0.0,0.0,0.0,0.0,0.0,0.0,0
ZZContagio175.apk,0.0,37.0,0.0,0.0,0.0,0.0,0.0,0.0,0
ZZContagio176.apk,0.0,37.0,0.0,0.0,0.0,0.0,0.0,0.0,0
ZZContagio178.apk,0.0,37.0,0.0,0.0,0.0,0.0,0.0,0.0,0
ZZContagio179.apk,0.0,37.0,0.0,0.0,0.0,0.0,0.0,0.0,0
ZZContagio18.apk,0.0,37.0,0.0,0.0,0.0,0.0,0.0,0.0,0
ZZContagio180.apk,0.0,37.0,0.0,0.0,0.0,0.0,0.0,0.0,0
ZZContagio181.apk,0.0,37.0,0.0,0.0,0.0,0.0,0.0,0.0,0
ZZContagio182.apk,0.0,37.0,0.0,0.0,0.0,0.0,0.0,0.0,0
ZZContagio183.apk,0.0,37.0,0.0,0.0,0.0,0.0,0.0,0.0,0
ZZContagio184.apk,0.0,37.0,0.0,0.0,0.0,0.0,0.0,0.0,0
ZZContagio185.apk,0.0,37.0,0.0,0.0,0.0,0.0,0.0,0.0,0
ZZContagio186.apk,0.0,37.0,0.0,0.0,0.0,0.0,0.0,0.0,0
ZZContagio187.apk,0.0,37.0,0.0,0.0,0.0,0.0,0.0,0.0,0
ZZContagio188.apk,0.0,37.0,0.0,0.0,0.0,0.0,0.0,0.0,0
ZZContagio189.apk,0.0,37.0,0.0,0.0,0.0,0.0,0.0,0.0,0
ZZContagio19.apk,0.0,37.0,0.0,0.0,0.0,0.0,0.0,0.0,0
ZZContagio190.apk,0.0,37.0,0.0,0.0,0.0,0.0,0.0,0.0,0
ZZContagio191.apk,0.0,37.0,0.0,0.0,0.0,0.0,0.0,0.0,0
ZZContagio192.apk,0.0,37.0,0.0,0.0,0.0,0.0,0.0,0.0,0
ZZContagio193.apk,0.0,37.0,0.0,0.0,0.0,0.0,0.0,0.0,0
ZZContagio194.apk,0.0,37.0,0.0,0.0,0.0,0.0,0.0,0.0,0
ZZContagio195.apk,0.0,37.0,0.0,0.0,0.0,0.0,0.0,0.0,0
ZZContagio196.apk,0.0,37.0,0.0,0.0,0.0,0.0,0.0,0.0,0
ZZContagio197.apk,0.0,37.0,0.0,0.0,0.0,0.0,0.0,0.0,0
ZZContagio198.apk,0.0,37.0,0.0,0.0,0.0,0.0,0.0,0.0,0
ZZContagio199.apk,0.0,37.0,0.0,0.0,0.0,0.0,0.0,0.0,0
ZZContagio2.apk,0.0,37.0,0.0,0.0,0.0,0.0,0.0,0.0,0
ZZContagio200.apk,0.0,37.0,0.0,0.0,0.0,0.0,0.0,0.0,0
ZZContagio201.apk,0.0,37.0,0.0,0.0,0.0,0.0,0.0,0.0,0
ZZContagio202.apk,0.0,37.0,0.0,0.0,0.0,0.0,0.0,0.0,0
ZZContagio203.apk,0.0,37.0,0.0,0.0,0.0,0.0,0.0,0.0,0
ZZContagio206.apk,0.0,37.0,0.0,0.0,0.0,0.0,0.0,0.0,0
ZZContagio207.apk,0.0,37.0,0.0,0.0,0.0,0.0,0.0,0.0,0
ZZContagio208.apk,0.0,37.0,0.0,0.0,0.0,0.0,0.0,0.0,0
ZZContagio209.apk,0.0,37.0,0.0,0.0,0.0,0.0,0.0,0.0,0
ZZContagio21.apk,0.0,37.0,0.0,0.0,0.0,0.0,0.0,0.0,0
ZZContagio210.apk,0.0,37.0,0.0,0.0,0.0,0.0,0.0,0.0,0
ZZContagio211.apk,0.0,37.0,0.0,0.0,0.0,0.0,0.0,0.0,0
ZZContagio213.apk,0.0,37.0,0.0,0.0,0.0,0.0,0.0,0.0,0
ZZContagio215.apk,0.0,37.0,0.0,0.0,0.0,0.0,0.0,0.0,0
ZZContagio216.apk,0.0,37.0,0.0,0.0,0.0,0.0,0.0,0.0,0
ZZContagio217.apk,0.0,37.0,0.0,0.0,0.0,0.0,0.0,0.0,0
ZZContagio218.apk,0.0,37.0,0.0,0.0,0.0,0.0,0.0,0.0,0
ZZContagio219.apk,0.0,37.0,0.0,0.0,0.0,0.0,0.0,0.0,0
ZZContagio22.apk,0.0,37.0,0.0,0.0,0.0,0.0,0.0,0.0,0
ZZContagio220.apk,0.0,37.0,0.0,0.0,0.0,0.0,0.0,0.0,0
ZZContagio221.apk,0.1928,43.5,6.5,0.0,0.0,1.0,0.0,4.0,1
ZZContagio223.apk,0.2025,48.5,11.5,0.0,0.0,1.5,0.0,9.0,1
ZZContagio224.apk,0.0,37.0,0.0,0.0,0.0,0.0,0.0,0.0,0
ZZContagio225.apk,0.0,37.0,0.0,0.0,0.0,0.0,0.0,0.0,0
ZZContagio226.apk,0.0,37.0,0.0,0.0,0.0,0.0,0.0,0.0,0
ZZContagio227.apk,0.0,37.0,0.0,0.0,0.0,0.0,0.0,0.0,0
ZZContagio228.apk,0.0,37.0,0.0,0.0,0.0,0.0,0.0,0.0,0
ZZContagio229.apk,0.0,37.0,0.0,0.0,0.0,0.0,0.0,0.0,0
ZZContagio23.apk,0.0,37.0,0.0,0.0,0.0,0.0,0.0,0.0,0
ZZContagio230.apk,0.0,37.0,0.0,0.0,0.0,0.0,0.0,0.0,0
ZZContagio231.apk,0.0,37.0,0.0,0.0,0.0,0.0,0.0,0.0,0
ZZContagio232.apk,0.0,37.0,0.0,0.0,0.0,0.0,0.0,0.0,0
ZZContagio233.apk,0.0,37.0,0.0,0.0,0.0,0.0,0.0,0.0,0
ZZContagio234.apk,0.0,37.0,0.0,0.0,0.0,0.0,0.0,0.0,0
ZZContagio235.apk,0.0,37.0,0.0,0.0,0.0,0.0,0.0,0.0,0
ZZContagio236.apk,0.0,37.0,0.0,0.0,0.0,0.0,0.0,0.0,0
ZZContagio237.apk,0.0,37.0,0.0,0.0,0.0,0.0,0.0,0.0,0
ZZContagio24.apk,0.0,37.0,0.0,0.0,0.0,0.0,0.0,0.0,0
ZZContagio25.apk,0.0,37.0,0.0,0.0,0.0,0.0,0.0,0.0,0
ZZContagio26.apk,0.0,37.0,0.0,0.0,0.0,0.0,0.0,0.0,0
ZZContagio27.apk,0.0,37.0,0.0,0.0,0.0,0.0,0.0,0.0,0
ZZContagio28.apk,0.0,37.0,0.0,0.0,0.0,0.0,0.0,0.0,0
ZZContagio29.apk,0.0,37.0,0.0,0.0,0.0,0.0,0.0,0.0,0
ZZContagio3.apk,0.0,37.0,0.0,0.0,0.0,0.0,0.0,0.0,0
ZZContagio30.apk,0.0,37.0,0.0,0.0,0.0,0.0,0.0,0.0,0
ZZContagio31.apk,0.0,37.0,0.0,0.0,0.0,0.0,0.0,0.0,0
ZZContagio32.apk,0.0,37.0,0.0,0.0,0.0,0.0,0.0,0.0,0
ZZContagio33.apk,0.0,37.0,0.0,0.0,0.0,0.0,0.0,0.0,0
ZZContagio34.apk,0.0,37.0,0.0,0.0,0.0,0.0,0.0,0.0,0
ZZContagio35.apk,0.0,37.0,0.0,0.0,0.0,0.0,0.0,0.0,0
ZZContagio36.apk,0.0,37.0,0.0,0.0,0.0,0.0,0.0,0.0,0
ZZContagio37.apk,0.0,37.0,0.0,0.0,0.0,0.0,0.0,0.0,0
ZZContagio38.apk,0.0,37.0,0.0,0.0,0.0,0.0,0.0,0.0,0
ZZContagio39.apk,0.0,37.0,0.0,0.0,0.0,0.0,0.0,0.0,0
ZZContagio4.apk,0.1138,41.0,4.0,0.0,0.0,0.0,0.0,1.3333,2
ZZContagio41.apk,0.0,37.0,0.0,0.0,0.0,0.0,0.0,0.0,0
ZZContagio42.apk,0.0,37.0,0.0,0.0,0.0,0.0,0.0,0.0,0
ZZContagio43.apk,0.0,37.0,0.0,0.0,0.0,0.0,0.0,0.0,0
ZZContagio44.apk,0.0,37.0,0.0,0.0,0.0,0.0,0.0,0.0,0
ZZContagio45.apk,0.0,37.0,0.0,0.0,0.0,0.0,0.0,0.0,0
ZZContagio46.apk,0.0,37.0,0.0,0.0,0.0,0.0,0.0,0.0,0
ZZContagio47.apk,0.0,37.0,0.0,0.0,0.0,0.0,0.0,0.0,0
ZZContagio48.apk,0.0,37.0,0.0,0.0,0.0,0.0,0.0,0.0,0
ZZContagio49.apk,0.0,37.0,0.0,0.0,0.0,0.0,0.0,0.0,0
ZZContagio5.apk,0.0,37.0,0.0,0.0,0.0,0.0,0.0,0.0,0
ZZContagio50.apk,0.0,37.0,0.0,0.0,0.0,0.0,0.0,0.0,0
ZZContagio51.apk,0.0,37.0,0.0,0.0,0.0,0.0,0.0,0.0,0
ZZContagio52.apk,0.0,37.0,0.0,0.0,0.0,0.0,0.0,0.0,0
ZZContagio53.apk,0.0,37.0,0.0,0.0,0.0,0.0,0.0,0.0,0
ZZContagio54.apk,0.0,37.0,0.0,0.0,0.0,0.0,0.0,0.0,0
ZZContagio55.apk,0.0,37.0,0.0,0.0,0.0,0.0,0.0,0.0,0
ZZContagio56.apk,0.0,37.0,0.0,0.0,0.0,0.0,0.0,0.0,0
ZZContagio57.apk,0.0,37.0,0.0,0.0,0.0,0.0,0.0,0.0,0
ZZContagio58.apk,0.0,37.0,0.0,0.0,0.0,0.0,0.0,0.0,0
ZZContagio59.apk,0.0,37.0,0.0,0.0,0.0,0.0,0.0,0.0,0
ZZContagio6.apk,0.0,37.0,0.0,0.0,0.0,0.0,0.0,0.0,0
ZZContagio60.apk,0.0,37.0,0.0,0.0,0.0,0.0,0.0,0.0,0
ZZContagio61.apk,0.0,37.0,0.0,0.0,0.0,0.0,0.0,0.0,0
ZZContagio62.apk,0.0,37.0,0.0,0.0,0.0,0.0,0.0,0.0,0
ZZContagio63.apk,0.0,37.0,0.0,0.0,0.0,0.0,0.0,0.0,0
ZZContagio64.apk,0.0,37.0,0.0,0.0,0.0,0.0,0.0,0.0,0
ZZContagio65.apk,0.0,37.0,0.0,0.0,0.0,0.0,0.0,0.0,0
ZZContagio66.apk,0.0,37.0,0.0,0.0,0.0,0.0,0.0,0.0,0
ZZContagio69.apk,0.0,37.0,0.0,0.0,0.0,0.0,0.0,0.0,0
ZZContagio7.apk,0.0,37.0,0.0,0.0,0.0,0.0,0.0,0.0,0
ZZContagio70.apk,0.0,37.0,0.0,0.0,0.0,0.0,0.0,0.0,0
ZZContagio71.apk,0.0,37.0,0.0,0.0,0.0,0.0,0.0,0.0,0
ZZContagio72.apk,0.0,37.0,0.0,0.0,0.0,0.0,0.0,0.0,0
ZZContagio73.apk,0.0,37.0,0.0,0.0,0.0,0.0,0.0,0.0,0
ZZContagio74.apk,0.0,37.0,0.0,0.0,0.0,0.0,0.0,0.0,0
ZZContagio75.apk,0.3684,49.5294,12.5294,0.0,0.0,0.0,0.0,5.2941,16
ZZContagio76.apk,0.0,37.0,0.0,0.0,0.0,0.0,0.0,0.0,0
ZZContagio77.apk,0.0,37.0,0.0,0.0,0.0,0.0,0.0,0.0,0
ZZContagio78.apk,0.0,37.0,0.0,0.0,0.0,0.0,0.0,0.0,0
ZZContagio79.apk,0.0,37.0,0.0,0.0,0.0,0.0,0.0,0.0,0
ZZContagio8.apk,0.0,37.0,0.0,0.0,0.0,0.0,0.0,0.0,0
ZZContagio80.apk,0.0,37.0,0.0,0.0,0.0,0.0,0.0,0.0,0
ZZContagio81.apk,0.0,37.0,0.0,0.0,0.0,0.0,0.0,0.0,0
ZZContagio82.apk,0.0,37.0,0.0,0.0,0.0,0.0,0.0,0.0,0
ZZContagio83.apk,0.0,37.0,0.0,0.0,0.0,0.0,0.0,0.0,0
ZZContagio84.apk,0.0,37.0,0.0,0.0,0.0,0.0,0.0,0.0,0
ZZContagio85.apk,0.0,37.0,0.0,0.0,0.0,0.0,0.0,0.0,0
ZZContagio87.apk,0.0,37.0,0.0,0.0,0.0,0.0,0.0,0.0,0
ZZContagio88.apk,0.0,37.0,0.0,0.0,0.0,0.0,0.0,0.0,0
ZZContagio89.apk,0.0,37.0,0.0,0.0,0.0,0.0,0.0,0.0,0
ZZContagio9.apk,0.0,37.0,0.0,0.0,0.0,0.0,0.0,0.0,0
ZZContagio90.apk,0.0,37.0,0.0,0.0,0.0,0.0,0.0,0.0,0
ZZContagio91.apk,0.0,37.0,0.0,0.0,0.0,0.0,0.0,0.0,0
ZZContagio92.apk,0.0,37.0,0.0,0.0,0.0,0.0,0.0,0.0,0
ZZContagio93.apk,0.0,37.0,0.0,0.0,0.0,0.0,0.0,0.0,0
ZZContagio94.apk,0.0,37.0,0.0,0.0,0.0,0.0,0.0,0.0,0
ZZContagio95.apk,0.0,37.0,0.0,0.0,0.0,0.0,0.0,0.0,0
ZZContagio96.apk,0.0,37.0,0.0,0.0,0.0,0.0,0.0,0.0,0
ZZContagio97.apk,0.0,37.0,0.0,0.0,0.0,0.0,0.0,0.0,0
ZZContagio98.apk,0.0,37.0,0.0,0.0,0.0,0.0,0.0,0.0,0
ZZContagio99.apk,0.0,37.0,0.0,0.0,0.0,0.0,0.0,0.0,0
Zsone1.apk,0.0,37.0,0.0,0.0,0.0,0.0,0.0,0.0,0
Zsone10.apk,0.0,37.0,0.0,0.0,0.0,0.0,0.0,0.0,0
Zsone11.apk,0.0,37.0,0.0,0.0,0.0,0.0,0.0,0.0,0
Zsone12.apk,0.0,37.0,0.0,0.0,0.0,0.0,0.0,0.0,0
Zsone2.apk,0.0,37.0,0.0,0.0,0.0,0.0,0.0,0.0,0
Zsone3.apk,0.0,37.0,0.0,0.0,0.0,0.0,0.0,0.0,0
Zsone4.apk,0.0,37.0,0.0,0.0,0.0,0.0,0.0,0.0,0
Zsone5.apk,0.0,37.0,0.0,0.0,0.0,0.0,0.0,0.0,0
Zsone6.apk,0.0,37.0,0.0,0.0,0.0,0.0,0.0,0.0,0
Zsone7.apk,0.0,37.0,0.0,0.0,0.0,0.0,0.0,0.0,0
Zsone8.apk,0.0,37.0,0.0,0.0,0.0,0.0,0.0,0.0,0
Zsone9.apk,0.0,37.0,0.0,0.0,0.0,0.0,0.0,0.0,0
jSMSHider1.apk,0.0,37.0,0.0,0.0,0.0,0.0,0.0,0.0,0
jSMSHider10.apk,0.0,37.0,0.0,0.0,0.0,0.0,0.0,0.0,0
jSMSHider11.apk,0.0,37.0,0.0,0.0,0.0,0.0,0.0,0.0,0
jSMSHider12.apk,0.0,37.0,0.0,0.0,0.0,0.0,0.0,0.0,0
jSMSHider13.apk,0.0,37.0,0.0,0.0,0.0,0.0,0.0,0.0,0
jSMSHider14.apk,0.0,37.0,0.0,0.0,0.0,0.0,0.0,0.0,0
jSMSHider15.apk,0.0,37.0,0.0,0.0,0.0,0.0,0.0,0.0,0
jSMSHider16.apk,0.0,37.0,0.0,0.0,0.0,0.0,0.0,0.0,0
jSMSHider2.apk,0.0,37.0,0.0,0.0,0.0,0.0,0.0,0.0,0
jSMSHider3.apk,0.0,37.0,0.0,0.0,0.0,0.0,0.0,0.0,0
jSMSHider4.apk,0.0,37.0,0.0,0.0,0.0,0.0,0.0,0.0,0
jSMSHider5.apk,0.0,37.0,0.0,0.0,0.0,0.0,0.0,0.0,0
jSMSHider6.apk,0.0,37.0,0.0,0.0,0.0,0.0,0.0,0.0,0
jSMSHider7.apk,0.0,37.0,0.0,0.0,0.0,0.0,0.0,0.0,0
jSMSHider8.apk,0.0,37.0,0.0,0.0,0.0,0.0,0.0,0.0,0
jSMSHider9.apk,0.0,37.0,0.0,0.0,0.0,0.0,0.0,0.0,0
zHash1.apk,0.253,44.3333,7.3333,0.0,0.0,0.0,0.0,2.1111,17
zHash10.apk,0.2481,44.2,7.2,0.0,0.0,0.0,0.0,2.0,14
zHash11.apk,0.253,44.3333,7.3333,0.0,0.0,0.0,0.0,2.1111,17
zHash2.apk,0.2481,44.2,7.2,0.0,0.0,0.0,0.0,2.0,14
zHash3.apk,0.253,44.3333,7.3333,0.0,0.0,0.0,0.0,2.1111,17
zHash4.apk,0.253,44.3333,7.3333,0.0,0.0,0.0,0.0,2.1111,17
zHash5.apk,0.253,44.3333,7.3333,0.0,0.0,0.0,0.0,2.1111,17
zHash6.apk,0.253,44.3333,7.3333,0.0,0.0,0.0,0.0,2.1111,17
zHash7.apk,0.253,44.3333,7.3333,0.0,0.0,0.0,0.0,2.1111,17
zHash8.apk,0.253,44.3333,7.3333,0.0,0.0,0.0,0.0,2.1111,17
zHash9.apk,0.253,44.3333,7.3333,0.0,0.0,0.0,0.0,2.1111,17
